id,clonesize,honeybee,bumbles,andrena,osmia,MaxOfUpperTRange,MinOfUpperTRange,AverageOfUpperTRange,MaxOfLowerTRange,MinOfLowerTRange,AverageOfLowerTRange,RainingDays,AverageRainingDays,fruitset,fruitmass,seeds,yield
0,25.0,0.5,0.38,0.5,0.63,77.4,46.8,64.7,55.8,27.0,45.8,1.0,0.1,0.551234401,0.477126551,39.33251373,6842.760562
1,12.5,0.25,0.25,0.5,0.75,69.7,42.1,58.2,50.2,24.3,41.2,24.0,0.39,0.521906846,0.432226587,35.77113923,6621.250814
2,25.0,0.5,0.25,0.5,0.75,86.0,52.0,71.9,62.0,30.0,50.8,16.0,0.26,0.520180895,0.460264893,37.25789282,6320.961115
3,12.5,0.25,0.25,0.63,0.63,86.0,52.0,71.9,62.0,30.0,50.8,16.0,0.26,0.600340952,0.496358614,41.48453443,7554.4683
4,25.0,0.5,0.25,0.75,0.75,86.0,52.0,71.9,62.0,30.0,50.8,16.0,0.26,0.517170184,0.456752669,36.82658691,6155.896087
5,25.0,0.5,0.25,0.38,0.63,86.0,52.0,71.9,62.0,30.0,50.8,16.0,0.26,0.496636394,0.448972519,35.98855463,5920.487176
6,25.0,0.5,0.25,0.5,0.75,77.4,46.8,64.7,55.8,27.0,45.8,34.0,0.56,0.480072982,0.440375173,34.97131513,5496.085062
7,12.5,0.25,0.25,0.25,0.75,86.0,52.0,71.9,62.0,30.0,50.8,34.0,0.56,0.474162324,0.435287772,34.50605382,5217.139763
8,12.5,0.25,0.38,0.5,0.75,69.7,42.1,58.2,50.2,24.3,41.2,34.0,0.56,0.504853246,0.430358895,35.51371293,5971.394016
9,12.5,0.25,0.25,0.38,0.25,86.0,52.0,71.9,62.0,30.0,50.8,24.0,0.39,0.46751899,0.429710486,33.71103509,5085.844733
10,37.5,0.25,0.25,0.25,0.25,94.6,57.2,79.0,68.2,33.0,55.9,34.0,0.56,0.233554492,0.335338738,24.32062733,1945.530615
11,12.5,0.25,0.25,0.38,0.38,77.4,46.8,64.7,55.8,27.0,45.8,1.0,0.1,0.605758307,0.500029301,41.91637397,7669.811819
12,12.5,0.25,0.25,0.63,0.63,77.4,46.8,64.7,55.8,27.0,45.8,24.0,0.39,0.569713565,0.480106144,39.58916872,6942.396304
13,25.0,0.5,0.25,0.63,0.63,86.0,52.0,71.9,62.0,30.0,50.8,1.0,0.1,0.523276949,0.459464772,37.20361319,6306.550622
14,12.5,0.25,0.25,0.75,0.5,69.7,42.1,58.2,50.2,24.3,41.2,16.0,0.26,0.527724447,0.437516086,36.24969463,6920.084268
15,25.0,0.5,0.38,0.38,0.75,86.0,52.0,71.9,62.0,30.0,50.8,16.0,0.26,0.546003143,0.475965002,39.18675925,6580.396963
16,12.5,0.25,0.25,0.38,0.25,77.4,46.8,64.7,55.8,27.0,45.8,24.0,0.39,0.511830268,0.452027468,36.30184732,5864.128447
17,37.5,0.25,0.25,0.25,0.25,86.0,52.0,71.9,62.0,30.0,50.8,24.0,0.39,0.350136522,0.389381151,29.55021089,3387.785165
18,25.0,0.5,0.38,0.5,0.5,77.4,46.8,64.7,55.8,27.0,45.8,24.0,0.39,0.508275418,0.455880077,36.80735327,5916.862241
19,25.0,0.25,0.25,0.25,0.38,94.6,57.2,79.0,68.2,33.0,55.9,1.0,0.1,0.466279462,0.439565369,35.05053194,5360.873908
20,12.5,0.25,0.25,0.75,0.63,69.7,42.1,58.2,50.2,24.3,41.2,34.0,0.56,0.460960916,0.404358198,32.5102476,5305.743635
21,37.5,0.75,0.25,0.25,0.25,94.6,57.2,79.0,68.2,33.0,55.9,16.0,0.26,0.383786508,0.399172403,30.54630597,3866.798965
22,12.5,0.25,0.25,0.38,0.75,86.0,52.0,71.9,62.0,30.0,50.8,34.0,0.56,0.490320807,0.441301913,35.09473308,5601.205307
23,25.0,0.5,0.38,0.5,0.75,77.4,46.8,64.7,55.8,27.0,45.8,34.0,0.56,0.513772901,0.45807618,37.08458041,5862.805454
24,25.0,0.5,0.38,0.5,0.75,69.7,42.1,58.2,50.2,24.3,41.2,16.0,0.26,0.498715892,0.431072001,35.18441169,6034.642135
25,12.5,0.25,0.25,0.25,0.75,94.6,57.2,79.0,68.2,33.0,55.9,1.0,0.1,0.609612922,0.504526655,42.50248162,7945.187841
26,25.0,0.5,0.25,0.63,0.5,69.7,42.1,58.2,50.2,24.3,41.2,34.0,0.56,0.38895631,0.376880162,29.28433587,4282.700632
27,12.5,0.25,0.25,0.75,0.5,77.4,46.8,64.7,55.8,27.0,45.8,24.0,0.39,0.556715923,0.471125278,38.45140921,6671.072643
28,25.0,0.5,0.25,0.5,0.63,69.7,42.1,58.2,50.2,24.3,41.2,24.0,0.39,0.426173511,0.388167887,30.79835142,4924.357362
29,12.5,0.25,0.25,0.38,0.63,86.0,52.0,71.9,62.0,30.0,50.8,16.0,0.26,0.599023157,0.499607522,41.94865711,7556.109909
30,12.5,0.25,0.25,0.25,0.5,69.7,42.1,58.2,50.2,24.3,41.2,1.0,0.1,0.54259037,0.445382693,37.23938598,7152.132587
31,25.0,0.5,0.38,0.38,0.63,77.4,46.8,64.7,55.8,27.0,45.8,1.0,0.1,0.568853507,0.485912698,40.35118636,7536.096872
32,12.5,0.25,0.25,0.63,0.5,94.6,57.2,79.0,68.2,33.0,55.9,16.0,0.26,0.565239387,0.474798231,38.8469565,6860.396428
33,37.5,0.25,0.25,0.25,0.25,69.7,42.1,58.2,50.2,24.3,41.2,16.0,0.26,0.392540298,0.391582692,30.88504716,3911.422247
34,25.0,0.5,0.38,0.38,0.75,77.4,46.8,64.7,55.8,27.0,45.8,1.0,0.1,0.576561833,0.490467439,40.84711944,7804.627951
35,12.5,0.25,0.25,0.25,0.38,69.7,42.1,58.2,50.2,24.3,41.2,34.0,0.56,0.428321547,0.389593412,30.8920749,4667.724945
36,25.0,0.5,0.38,0.63,0.5,86.0,52.0,71.9,62.0,30.0,50.8,1.0,0.1,0.55599359,0.477181542,39.23411184,7007.66825
37,25.0,0.5,0.38,0.5,0.5,69.7,42.1,58.2,50.2,24.3,41.2,24.0,0.39,0.479826829,0.424609234,34.83881461,5739.680287
38,12.5,0.25,0.25,0.25,0.75,94.6,57.2,79.0,68.2,33.0,55.9,34.0,0.56,0.411591443,0.404575636,31.00460557,4357.822918
39,10.0,0.537,0.117,0.409,0.058,86.0,52.0,71.9,62.0,30.0,50.8,3.77,0.06,0.486814739,0.42801212,33.44747085,5333.873335
40,25.0,0.5,0.25,0.5,0.75,94.6,57.2,79.0,68.2,33.0,55.9,1.0,0.1,0.504435443,0.452484359,36.43078186,6072.83443
41,37.5,0.75,0.25,0.25,0.25,77.4,46.8,64.7,55.8,27.0,45.8,1.0,0.1,0.464365879,0.436345708,34.8499528,5356.871861
42,12.5,0.25,0.25,0.75,0.63,86.0,52.0,71.9,62.0,30.0,50.8,16.0,0.26,0.592798225,0.491169185,40.84238532,7440.712007
43,12.5,0.25,0.25,0.38,0.63,94.6,57.2,79.0,68.2,33.0,55.9,24.0,0.39,0.463537294,0.42912225,33.93441738,5199.534037
44,12.5,0.25,0.25,0.25,0.25,69.7,42.1,58.2,50.2,24.3,41.2,24.0,0.39,0.482908968,0.418055839,33.84753901,5482.081299
45,12.5,0.25,0.38,0.5,0.5,86.0,52.0,71.9,62.0,30.0,50.8,16.0,0.26,0.615611893,0.510575061,43.29398449,8007.206207
46,12.5,0.25,0.38,0.38,0.63,94.6,57.2,79.0,68.2,33.0,55.9,34.0,0.56,0.456503309,0.425245072,33.3039002,5061.72061
47,12.5,0.25,0.25,0.38,0.25,86.0,52.0,71.9,62.0,30.0,50.8,16.0,0.26,0.52661476,0.458254721,37.03174422,6026.063649
48,12.5,0.25,0.25,0.25,0.63,77.4,46.8,64.7,55.8,27.0,45.8,1.0,0.1,0.622622866,0.513260507,43.55016374,8174.463377
49,25.0,0.5,0.25,0.38,0.75,77.4,46.8,64.7,55.8,27.0,45.8,34.0,0.56,0.483671436,0.442952601,35.37114225,5381.272664
50,25.0,0.5,0.25,0.63,0.75,77.4,46.8,64.7,55.8,27.0,45.8,34.0,0.56,0.479449351,0.43910209,34.86353984,5720.723161
51,25.0,0.5,0.25,0.5,0.75,69.7,42.1,58.2,50.2,24.3,41.2,1.0,0.1,0.461465413,0.405558182,32.60317761,6058.648764
52,12.5,0.25,0.25,0.25,0.25,86.0,52.0,71.9,62.0,30.0,50.8,1.0,0.1,0.561962455,0.476308423,39.09688443,6691.043218
53,25.0,0.5,0.25,0.38,0.75,86.0,52.0,71.9,62.0,30.0,50.8,16.0,0.26,0.506260198,0.453119748,36.54784977,6117.4759
54,25.0,0.5,0.38,0.5,0.5,69.7,42.1,58.2,50.2,24.3,41.2,34.0,0.56,0.42213693,0.394711432,31.11988062,4641.001514
55,25.0,0.5,0.38,0.5,0.75,94.6,57.2,79.0,68.2,33.0,55.9,16.0,0.26,0.53434503,0.468896154,38.34358882,6347.560759
56,25.0,0.5,0.38,0.38,0.63,94.6,57.2,79.0,68.2,33.0,55.9,34.0,0.56,0.378917495,0.399556226,30.68026439,3983.097848
57,25.0,0.5,0.25,0.5,0.75,86.0,52.0,71.9,62.0,30.0,50.8,1.0,0.1,0.532303678,0.464892019,37.78237359,6520.897596
58,12.5,0.25,0.25,0.63,0.75,86.0,52.0,71.9,62.0,30.0,50.8,34.0,0.56,0.506742719,0.449545727,36.09829713,5811.211473
59,12.5,0.25,0.38,0.38,0.5,69.7,42.1,58.2,50.2,24.3,41.2,1.0,0.1,0.553185654,0.455065287,38.61011529,7290.10652
60,12.5,0.25,0.25,0.25,0.38,86.0,52.0,71.9,62.0,30.0,50.8,24.0,0.39,0.489823352,0.438875462,34.7014352,5347.718939
61,12.5,0.25,0.25,0.38,0.75,94.6,57.2,79.0,68.2,33.0,55.9,1.0,0.1,0.601404506,0.498282106,41.72079694,7517.440772
62,12.5,0.25,0.38,0.5,0.5,69.7,42.1,58.2,50.2,24.3,41.2,24.0,0.39,0.545562834,0.452320672,38.05729766,6979.324788
63,12.5,0.25,0.25,0.25,0.25,77.4,46.8,64.7,55.8,27.0,45.8,34.0,0.56,0.481204499,0.436777234,34.52656124,5086.609905
64,25.0,0.5,0.38,0.5,0.75,86.0,52.0,71.9,62.0,30.0,50.8,34.0,0.56,0.450102564,0.428771298,33.76469664,5033.685563
65,12.5,0.25,0.25,0.75,0.63,77.4,46.8,64.7,55.8,27.0,45.8,1.0,0.1,0.58492102,0.486889324,40.33593654,7479.93417
66,25.0,0.5,0.25,0.63,0.5,94.6,57.2,79.0,68.2,33.0,55.9,24.0,0.39,0.36099568,0.388860282,29.55801912,3828.16556
67,12.5,0.25,0.25,0.75,0.5,94.6,57.2,79.0,68.2,33.0,55.9,34.0,0.56,0.408487848,0.400980125,30.60468328,4281.52619
68,25.0,0.5,0.25,0.38,0.63,86.0,52.0,71.9,62.0,30.0,50.8,34.0,0.56,0.385503456,0.401275192,30.79561296,3998.054156
69,12.5,0.25,0.25,0.5,0.75,86.0,52.0,71.9,62.0,30.0,50.8,1.0,0.1,0.619006054,0.511116064,43.2784975,8002.997103
70,12.5,0.25,0.25,0.38,0.38,69.7,42.1,58.2,50.2,24.3,41.2,34.0,0.56,0.435380969,0.396602445,31.26836507,4802.604302
71,12.5,0.25,0.25,0.38,0.75,77.4,46.8,64.7,55.8,27.0,45.8,34.0,0.56,0.574708327,0.484698098,40.11817697,7048.870716
72,25.0,0.5,0.25,0.5,0.63,86.0,52.0,71.9,62.0,30.0,50.8,16.0,0.26,0.498729997,0.448463132,35.88512085,5767.178357
73,12.5,0.25,0.38,0.38,0.63,86.0,52.0,71.9,62.0,30.0,50.8,16.0,0.26,0.626397463,0.516147572,43.93700206,8298.206974
74,25.0,0.5,0.38,0.38,0.63,94.6,57.2,79.0,68.2,33.0,55.9,24.0,0.39,0.41016336,0.410575532,31.79765098,4560.22361
75,12.5,0.25,0.25,0.25,0.75,77.4,46.8,64.7,55.8,27.0,45.8,34.0,0.56,0.574989422,0.485099788,40.17143065,7044.567605
76,25.0,0.5,0.25,0.38,0.63,77.4,46.8,64.7,55.8,27.0,45.8,34.0,0.56,0.470643424,0.437265704,34.70241183,5234.746964
77,25.0,0.5,0.25,0.38,0.5,69.7,42.1,58.2,50.2,24.3,41.2,16.0,0.26,0.455340281,0.403129918,32.46181948,5403.69852
78,12.5,0.25,0.25,0.38,0.5,77.4,46.8,64.7,55.8,27.0,45.8,16.0,0.26,0.577983425,0.485791513,40.28237595,7235.775645
79,12.5,0.25,0.25,0.5,0.5,69.7,42.1,58.2,50.2,24.3,41.2,16.0,0.26,0.535863236,0.446575791,37.02177209,6539.11085
80,25.0,0.5,0.25,0.63,0.5,77.4,46.8,64.7,55.8,27.0,45.8,24.0,0.39,0.4693892,0.433737787,34.13758465,5330.062031
81,12.5,0.25,0.38,0.38,0.75,86.0,52.0,71.9,62.0,30.0,50.8,16.0,0.26,0.638323095,0.527895672,45.48708185,8465.885625
82,12.5,0.25,0.25,0.38,0.75,94.6,57.2,79.0,68.2,33.0,55.9,34.0,0.56,0.417072864,0.407223705,31.36831014,4393.527431
83,25.0,0.5,0.25,0.75,0.63,94.6,57.2,79.0,68.2,33.0,55.9,1.0,0.1,0.507115625,0.451012573,36.14878201,6315.233209
84,25.0,0.5,0.38,0.38,0.63,69.7,42.1,58.2,50.2,24.3,41.2,16.0,0.26,0.499992838,0.431448682,35.55891105,6491.223531
85,12.5,0.25,0.25,0.25,0.38,69.7,42.1,58.2,50.2,24.3,41.2,1.0,0.1,0.54054056,0.449077282,37.49472557,6801.323934
86,25.0,0.5,0.38,0.5,0.63,69.7,42.1,58.2,50.2,24.3,41.2,24.0,0.39,0.476202171,0.419215723,34.09291711,5544.621725
87,25.0,0.5,0.25,0.38,0.5,86.0,52.0,71.9,62.0,30.0,50.8,1.0,0.1,0.517723246,0.45968428,37.32322478,6392.356672
88,37.5,0.75,0.25,0.25,0.25,86.0,52.0,71.9,62.0,30.0,50.8,24.0,0.39,0.354413049,0.382702852,28.87371362,3436.493543
89,25.0,0.5,0.25,0.63,0.75,77.4,46.8,64.7,55.8,27.0,45.8,16.0,0.26,0.506793789,0.45230956,36.43643589,6493.637124
90,12.5,0.25,0.25,0.75,0.75,86.0,52.0,71.9,62.0,30.0,50.8,24.0,0.39,0.566350244,0.477438541,39.22848885,6799.729175
91,12.5,0.25,0.25,0.38,0.5,94.6,57.2,79.0,68.2,33.0,55.9,24.0,0.39,0.43687052,0.415160646,32.26534639,4769.318273
92,12.5,0.25,0.38,0.38,0.63,86.0,52.0,71.9,62.0,30.0,50.8,1.0,0.1,0.645640994,0.532222816,45.95298911,8671.716806
93,12.5,0.25,0.25,0.75,0.75,77.4,46.8,64.7,55.8,27.0,45.8,1.0,0.1,0.596036127,0.492748552,40.99850428,7706.881369
94,25.0,0.5,0.25,0.38,0.5,77.4,46.8,64.7,55.8,27.0,45.8,1.0,0.1,0.530916639,0.463152392,37.5842361,6595.901577
95,25.0,0.5,0.38,0.5,0.63,77.4,46.8,64.7,55.8,27.0,45.8,24.0,0.39,0.526501878,0.463561831,37.67361372,6591.781181
96,25.0,0.5,0.38,0.63,0.5,94.6,57.2,79.0,68.2,33.0,55.9,24.0,0.39,0.410253857,0.408851197,31.6656798,4418.44126
97,25.0,0.5,0.38,0.38,0.75,94.6,57.2,79.0,68.2,33.0,55.9,16.0,0.26,0.531583632,0.465366894,37.90930402,6465.372048
98,12.5,0.25,0.25,0.38,0.5,69.7,42.1,58.2,50.2,24.3,41.2,16.0,0.26,0.526681768,0.438026493,36.25720816,6574.182468
99,12.5,0.25,0.25,0.25,0.25,86.0,52.0,71.9,62.0,30.0,50.8,24.0,0.39,0.466974086,0.429452031,33.66987505,4999.156215
100,25.0,0.25,0.25,0.25,0.38,86.0,52.0,71.9,62.0,30.0,50.8,16.0,0.26,0.443419908,0.426240102,33.4416065,4870.625368
101,12.5,0.25,0.25,0.5,0.63,86.0,52.0,71.9,62.0,30.0,50.8,24.0,0.39,0.550116044,0.471871207,38.6454264,6626.851498
102,25.0,0.5,0.25,0.5,0.5,94.6,57.2,79.0,68.2,33.0,55.9,1.0,0.1,0.492814967,0.446434723,35.61618557,5773.008415
103,25.0,0.5,0.38,0.5,0.5,94.6,57.2,79.0,68.2,33.0,55.9,1.0,0.1,0.525947983,0.46389552,37.72398079,6422.922094
104,12.5,0.25,0.25,0.5,0.63,77.4,46.8,64.7,55.8,27.0,45.8,34.0,0.56,0.561296524,0.475425424,38.93451187,6735.24371
105,25.0,0.5,0.25,0.38,0.75,69.7,42.1,58.2,50.2,24.3,41.2,1.0,0.1,0.473688611,0.416085184,33.60534043,5948.114471
106,25.0,0.5,0.38,0.5,0.75,86.0,52.0,71.9,62.0,30.0,50.8,1.0,0.1,0.565324698,0.482227496,39.82088488,7423.469876
107,12.5,0.25,0.25,0.63,0.75,69.7,42.1,58.2,50.2,24.3,41.2,1.0,0.1,0.524577301,0.434863988,36.04067528,6614.219308
108,25.0,0.25,0.25,0.25,0.25,94.6,57.2,79.0,68.2,33.0,55.9,16.0,0.26,0.403310637,0.41009134,31.66559817,4248.355054
109,25.0,0.5,0.38,0.63,0.5,77.4,46.8,64.7,55.8,27.0,45.8,24.0,0.39,0.5138891,0.458966196,37.20955415,6180.951419
110,25.0,0.5,0.25,0.5,0.5,69.7,42.1,58.2,50.2,24.3,41.2,34.0,0.56,0.370946044,0.364725785,28.23425966,3895.62684
111,12.5,0.25,0.38,0.5,0.75,94.6,57.2,79.0,68.2,33.0,55.9,34.0,0.56,0.480707687,0.436459223,34.60429153,5329.263197
112,25.0,0.5,0.25,0.63,0.5,94.6,57.2,79.0,68.2,33.0,55.9,34.0,0.56,0.32833671,0.37718413,28.21340501,3447.082101
113,25.0,0.5,0.25,0.75,0.63,94.6,57.2,79.0,68.2,33.0,55.9,34.0,0.56,0.354086468,0.388135964,29.37301155,3712.997856
114,12.5,0.25,0.25,0.5,0.5,77.4,46.8,64.7,55.8,27.0,45.8,24.0,0.39,0.5561803,0.472270742,38.62163873,6638.656487
115,12.5,0.25,0.38,0.5,0.75,77.4,46.8,64.7,55.8,27.0,45.8,1.0,0.1,0.631417034,0.521136035,44.59947057,8413.659665
116,12.5,0.25,0.25,0.38,0.63,69.7,42.1,58.2,50.2,24.3,41.2,34.0,0.56,0.465804378,0.407609786,32.6584962,5200.578495
117,12.5,0.25,0.25,0.38,0.75,69.7,42.1,58.2,50.2,24.3,41.2,1.0,0.1,0.544644313,0.44959908,37.77154371,7028.673498
118,12.5,0.25,0.25,0.38,0.75,77.4,46.8,64.7,55.8,27.0,45.8,1.0,0.1,0.617868887,0.510839162,43.3126693,8212.792891
119,12.5,0.25,0.25,0.63,0.5,69.7,42.1,58.2,50.2,24.3,41.2,16.0,0.26,0.527308548,0.436376172,36.09379556,6589.278977
120,12.5,0.25,0.25,0.25,0.63,94.6,57.2,79.0,68.2,33.0,55.9,16.0,0.26,0.572046486,0.482423774,39.85662538,6960.107506
121,12.5,0.25,0.38,0.38,0.75,77.4,46.8,64.7,55.8,27.0,45.8,16.0,0.26,0.62809913,0.5145695,43.68715255,8307.38018
122,12.5,0.25,0.38,0.38,0.75,86.0,52.0,71.9,62.0,30.0,50.8,1.0,0.1,0.652144089,0.535660479,46.36934409,8969.401842
123,25.0,0.5,0.25,0.5,0.63,94.6,57.2,79.0,68.2,33.0,55.9,1.0,0.1,0.488047919,0.442789316,35.20741312,5637.984297
124,25.0,0.5,0.25,0.63,0.5,69.7,42.1,58.2,50.2,24.3,41.2,1.0,0.1,0.451291733,0.400102144,31.92881551,5781.859649
125,12.5,0.25,0.25,0.5,0.75,86.0,52.0,71.9,62.0,30.0,50.8,34.0,0.56,0.506104448,0.449306369,36.04045222,5828.732121
126,25.0,0.5,0.25,0.63,0.75,94.6,57.2,79.0,68.2,33.0,55.9,34.0,0.56,0.350874635,0.384432592,29.05187144,3511.537898
127,12.5,0.25,0.25,0.63,0.63,69.7,42.1,58.2,50.2,24.3,41.2,1.0,0.1,0.538048419,0.445134287,36.96933887,6941.824131
128,25.0,0.5,0.38,0.5,0.63,69.7,42.1,58.2,50.2,24.3,41.2,16.0,0.26,0.477123825,0.416309732,33.99420814,5865.384715
129,12.5,0.25,0.25,0.38,0.75,86.0,52.0,71.9,62.0,30.0,50.8,16.0,0.26,0.607679197,0.502740901,42.23972427,7715.810883
130,25.0,0.5,0.25,0.5,0.75,69.7,42.1,58.2,50.2,24.3,41.2,16.0,0.26,0.469150447,0.415270878,33.59602928,5892.160998
131,25.0,0.5,0.25,0.38,0.5,86.0,52.0,71.9,62.0,30.0,50.8,24.0,0.39,0.432911682,0.419851618,32.76315093,4920.136635
132,12.5,0.25,0.25,0.25,0.75,69.7,42.1,58.2,50.2,24.3,41.2,16.0,0.26,0.546174929,0.451546571,37.80745277,6922.846792
133,12.5,0.25,0.25,0.38,0.63,94.6,57.2,79.0,68.2,33.0,55.9,34.0,0.56,0.402052391,0.4002977,30.5797224,4179.185917
134,12.5,0.25,0.38,0.5,0.5,94.6,57.2,79.0,68.2,33.0,55.9,1.0,0.1,0.619887727,0.514873193,43.84410679,8104.934974
135,12.5,0.25,0.25,0.25,0.38,77.4,46.8,64.7,55.8,27.0,45.8,24.0,0.39,0.52391434,0.460369104,37.33160636,6030.980735
136,12.5,0.25,0.25,0.75,0.5,69.7,42.1,58.2,50.2,24.3,41.2,34.0,0.56,0.453234697,0.401236607,32.21562101,5345.991061
137,25.0,0.5,0.38,0.38,0.5,94.6,57.2,79.0,68.2,33.0,55.9,24.0,0.39,0.391627198,0.402226397,31.02327724,4062.739528
138,25.0,0.5,0.25,0.5,0.5,77.4,46.8,64.7,55.8,27.0,45.8,1.0,0.1,0.527189908,0.463020067,37.62977375,6526.988187
139,12.5,0.25,0.25,0.75,0.75,94.6,57.2,79.0,68.2,33.0,55.9,24.0,0.39,0.488014406,0.437317312,34.78105469,5675.721494
140,12.5,0.25,0.25,0.63,0.5,69.7,42.1,58.2,50.2,24.3,41.2,1.0,0.1,0.529511192,0.436996925,36.2629303,6830.966046
141,25.0,0.5,0.25,0.75,0.63,77.4,46.8,64.7,55.8,27.0,45.8,24.0,0.39,0.49368953,0.447157374,35.80706195,5837.215029
142,25.0,0.5,0.38,0.38,0.63,86.0,52.0,71.9,62.0,30.0,50.8,16.0,0.26,0.542831206,0.471592749,38.72243878,6575.592668
143,25.0,0.5,0.25,0.75,0.5,77.4,46.8,64.7,55.8,27.0,45.8,16.0,0.26,0.514086408,0.456066643,36.83081961,6397.355689
144,25.0,0.5,0.38,0.5,0.63,77.4,46.8,64.7,55.8,27.0,45.8,34.0,0.56,0.508104246,0.456826317,37.02918026,6150.842053
145,12.5,0.25,0.25,0.38,0.75,86.0,52.0,71.9,62.0,30.0,50.8,24.0,0.39,0.556301788,0.476149113,39.1606042,6717.446272
146,12.5,0.25,0.25,0.5,0.75,94.6,57.2,79.0,68.2,33.0,55.9,24.0,0.39,0.477961423,0.435764199,34.62976419,5454.633853
147,25.0,0.25,0.25,0.25,0.38,86.0,52.0,71.9,62.0,30.0,50.8,34.0,0.56,0.350992769,0.388632634,29.63179631,3385.364224
148,12.5,0.25,0.25,0.38,0.38,94.6,57.2,79.0,68.2,33.0,55.9,24.0,0.39,0.401490054,0.399530934,30.59699446,4228.818878
149,12.5,0.25,0.25,0.5,0.5,77.4,46.8,64.7,55.8,27.0,45.8,1.0,0.1,0.608344644,0.50146507,42.11266981,7933.302352
150,12.5,0.25,0.25,0.63,0.75,77.4,46.8,64.7,55.8,27.0,45.8,1.0,0.1,0.603544257,0.50020424,42.02254143,7878.817681
151,25.0,0.5,0.25,0.63,0.5,86.0,52.0,71.9,62.0,30.0,50.8,34.0,0.56,0.386518419,0.399983862,30.65269019,4125.757119
152,25.0,0.5,0.38,0.5,0.75,77.4,46.8,64.7,55.8,27.0,45.8,24.0,0.39,0.528899809,0.465807165,37.9611224,6515.305873
153,25.0,0.5,0.25,0.38,0.63,69.7,42.1,58.2,50.2,24.3,41.2,24.0,0.39,0.442693354,0.398804938,31.85521692,5016.741592
154,12.5,0.25,0.25,0.75,0.75,69.7,42.1,58.2,50.2,24.3,41.2,24.0,0.39,0.528886613,0.439104197,36.2542016,6608.90751
155,25.0,0.25,0.25,0.25,0.25,69.7,42.1,58.2,50.2,24.3,41.2,34.0,0.56,0.337022711,0.358821427,27.62154773,3182.698648
156,12.5,0.25,0.25,0.63,0.63,94.6,57.2,79.0,68.2,33.0,55.9,1.0,0.1,0.592156153,0.489992416,40.64163782,7297.732097
157,12.5,0.25,0.38,0.38,0.5,69.7,42.1,58.2,50.2,24.3,41.2,24.0,0.39,0.55195445,0.455560504,38.4173944,7080.040043
158,12.5,0.25,0.25,0.25,0.25,69.7,42.1,58.2,50.2,24.3,41.2,34.0,0.56,0.406644523,0.38126925,30.057704,4247.508926
159,12.5,0.25,0.25,0.38,0.38,94.6,57.2,79.0,68.2,33.0,55.9,34.0,0.56,0.356664626,0.381078645,28.49966552,3494.942958
160,25.0,0.5,0.25,0.63,0.63,86.0,52.0,71.9,62.0,30.0,50.8,24.0,0.39,0.454725217,0.427937649,33.55813441,5046.457343
161,25.0,0.5,0.38,0.5,0.5,86.0,52.0,71.9,62.0,30.0,50.8,1.0,0.1,0.558537787,0.480847944,39.8226933,7117.950381
162,25.0,0.5,0.25,0.63,0.75,86.0,52.0,71.9,62.0,30.0,50.8,16.0,0.26,0.517993775,0.461801728,37.62889677,6182.750871
163,25.0,0.5,0.38,0.38,0.75,94.6,57.2,79.0,68.2,33.0,55.9,1.0,0.1,0.552071106,0.476382696,39.23039094,6903.873395
164,12.5,0.25,0.38,0.38,0.63,86.0,52.0,71.9,62.0,30.0,50.8,34.0,0.56,0.509989204,0.45386752,36.68541263,5747.56017
165,25.0,0.5,0.38,0.38,0.75,69.7,42.1,58.2,50.2,24.3,41.2,24.0,0.39,0.48638367,0.423927032,34.87598919,6060.641491
166,25.0,0.5,0.25,0.63,0.75,69.7,42.1,58.2,50.2,24.3,41.2,1.0,0.1,0.452394363,0.401162763,32.02764698,5732.24032
167,12.5,0.25,0.25,0.38,0.25,77.4,46.8,64.7,55.8,27.0,45.8,1.0,0.1,0.578114733,0.485218942,40.16166766,7181.425216
168,12.5,0.25,0.25,0.25,0.38,86.0,52.0,71.9,62.0,30.0,50.8,34.0,0.56,0.416271363,0.409438226,31.57755786,4350.42467
169,37.5,0.25,0.25,0.25,0.25,77.4,46.8,64.7,55.8,27.0,45.8,24.0,0.39,0.384633032,0.40383899,31.10924166,3837.512961
170,25.0,0.5,0.25,0.75,0.63,86.0,52.0,71.9,62.0,30.0,50.8,24.0,0.39,0.460510431,0.430077888,33.85831713,5492.81699
171,12.5,0.25,0.25,0.5,0.5,86.0,52.0,71.9,62.0,30.0,50.8,16.0,0.26,0.585434474,0.488638858,40.56322545,7380.633803
172,12.5,0.25,0.25,0.25,0.25,69.7,42.1,58.2,50.2,24.3,41.2,16.0,0.26,0.498793068,0.42403139,34.78799327,5876.960007
173,12.5,0.25,0.25,0.63,0.5,94.6,57.2,79.0,68.2,33.0,55.9,1.0,0.1,0.586303901,0.490981116,40.92210139,7570.608619
174,20.0,0.0,0.293,0.234,0.058,86.0,52.0,71.9,62.0,30.0,50.8,3.77,0.06,0.497503209,0.453338519,36.63337572,5449.421199
175,12.5,0.25,0.25,0.63,0.75,77.4,46.8,64.7,55.8,27.0,45.8,24.0,0.39,0.581744319,0.485989695,40.23598632,7206.901956
176,12.5,0.25,0.38,0.38,0.5,94.6,57.2,79.0,68.2,33.0,55.9,16.0,0.26,0.595306377,0.498055536,41.76622653,7406.902484
177,25.0,0.5,0.25,0.63,0.63,94.6,57.2,79.0,68.2,33.0,55.9,24.0,0.39,0.383581787,0.395502524,30.27497178,3948.986911
178,20.0,0.537,0.117,0.409,0.058,86.0,52.0,71.9,62.0,30.0,50.8,24.0,0.39,0.404617089,0.40166998,30.74824045,4203.027624
179,12.5,0.25,0.25,0.5,0.75,77.4,46.8,64.7,55.8,27.0,45.8,16.0,0.26,0.603493403,0.497864974,41.61500537,7713.479598
180,25.0,0.5,0.25,0.5,0.63,94.6,57.2,79.0,68.2,33.0,55.9,34.0,0.56,0.340822336,0.379871916,28.43820263,3322.946202
181,12.5,0.25,0.38,0.63,0.5,86.0,52.0,71.9,62.0,30.0,50.8,16.0,0.26,0.612209289,0.506686303,42.79905453,7884.567722
182,12.5,0.25,0.25,0.5,0.63,77.4,46.8,64.7,55.8,27.0,45.8,1.0,0.1,0.607690073,0.501568683,42.1419027,7895.020796
183,12.5,0.25,0.25,0.75,0.75,94.6,57.2,79.0,68.2,33.0,55.9,1.0,0.1,0.610860604,0.503371107,42.33928002,7861.465383
184,25.0,0.5,0.25,0.5,0.63,77.4,46.8,64.7,55.8,27.0,45.8,34.0,0.56,0.473458531,0.437681481,34.72483444,5439.421503
185,25.0,0.5,0.25,0.63,0.75,86.0,52.0,71.9,62.0,30.0,50.8,34.0,0.56,0.420206355,0.417915449,32.71791783,4808.609022
186,25.0,0.5,0.25,0.75,0.5,94.6,57.2,79.0,68.2,33.0,55.9,1.0,0.1,0.502398084,0.453649741,36.60011315,6019.262475
187,12.5,0.25,0.25,0.25,0.63,69.7,42.1,58.2,50.2,24.3,41.2,34.0,0.56,0.448841436,0.397617195,31.77298278,5063.851086
188,25.0,0.5,0.25,0.63,0.5,86.0,52.0,71.9,62.0,30.0,50.8,16.0,0.26,0.494493206,0.445587455,35.56261102,5942.421625
189,25.0,0.5,0.25,0.5,0.63,69.7,42.1,58.2,50.2,24.3,41.2,16.0,0.26,0.450822025,0.401931944,32.31099546,5336.974729
190,12.5,0.25,0.25,0.38,0.5,94.6,57.2,79.0,68.2,33.0,55.9,16.0,0.26,0.542133036,0.465157167,37.83085922,6281.91711
191,25.0,0.5,0.25,0.75,0.75,86.0,52.0,71.9,62.0,30.0,50.8,1.0,0.1,0.539252868,0.469978321,38.48035199,6994.248011
192,25.0,0.5,0.38,0.38,0.5,94.6,57.2,79.0,68.2,33.0,55.9,16.0,0.26,0.52332906,0.463275619,37.72210168,6328.893321
193,12.5,0.25,0.25,0.38,0.38,94.6,57.2,79.0,68.2,33.0,55.9,1.0,0.1,0.556294925,0.474133769,38.86811018,6795.881873
194,12.5,0.25,0.25,0.5,0.63,86.0,52.0,71.9,62.0,30.0,50.8,1.0,0.1,0.619453149,0.50952792,43.07173864,8109.230504
195,25.0,0.5,0.25,0.5,0.63,94.6,57.2,79.0,68.2,33.0,55.9,24.0,0.39,0.378833119,0.395893563,30.29666322,4278.763209
196,25.0,0.5,0.25,0.5,0.5,69.7,42.1,58.2,50.2,24.3,41.2,1.0,0.1,0.460126356,0.407704613,32.81456057,5575.394471
197,25.0,0.5,0.25,0.63,0.63,86.0,52.0,71.9,62.0,30.0,50.8,16.0,0.26,0.509782413,0.455453173,36.81018683,6202.327017
198,20.0,6.64,0.0,0.0,0.0,86.0,52.0,71.9,62.0,30.0,50.8,3.77,0.06,0.508675267,0.336240383,24.60174115,4936.36477
199,25.0,0.5,0.38,0.38,0.5,69.7,42.1,58.2,50.2,24.3,41.2,16.0,0.26,0.492994856,0.427177542,34.94019505,5791.456731
200,25.0,0.5,0.38,0.63,0.5,77.4,46.8,64.7,55.8,27.0,45.8,1.0,0.1,0.558394035,0.478666426,39.44864975,7184.013843
201,12.5,0.25,0.25,0.75,0.5,94.6,57.2,79.0,68.2,33.0,55.9,16.0,0.26,0.56581933,0.476002331,39.04659266,6806.492688
202,25.0,0.5,0.25,0.63,0.75,69.7,42.1,58.2,50.2,24.3,41.2,16.0,0.26,0.462996546,0.405525072,32.79766623,5684.143505
203,25.0,0.5,0.25,0.38,0.5,77.4,46.8,64.7,55.8,27.0,45.8,34.0,0.56,0.440365017,0.423763672,33.12590428,4694.608192
204,25.0,0.5,0.38,0.38,0.5,77.4,46.8,64.7,55.8,27.0,45.8,24.0,0.39,0.521414646,0.462795445,37.71251297,6409.140005
205,12.5,0.25,0.25,0.5,0.63,69.7,42.1,58.2,50.2,24.3,41.2,24.0,0.39,0.538371386,0.446570029,36.98857322,6771.722906
206,12.5,0.25,0.25,0.38,0.25,94.6,57.2,79.0,68.2,33.0,55.9,34.0,0.56,0.33163021,0.373012567,27.735098,3049.397713
207,12.5,0.25,0.25,0.25,0.63,94.6,57.2,79.0,68.2,33.0,55.9,1.0,0.1,0.590337413,0.493533938,41.17642111,7301.106216
208,12.5,0.25,0.38,0.38,0.5,77.4,46.8,64.7,55.8,27.0,45.8,34.0,0.56,0.587276072,0.494588902,41.40492886,7174.664896
209,25.0,0.5,0.38,0.38,0.5,86.0,52.0,71.9,62.0,30.0,50.8,24.0,0.39,0.482854142,0.445484498,35.70587779,5428.106015
210,12.5,0.25,0.25,0.25,0.63,94.6,57.2,79.0,68.2,33.0,55.9,34.0,0.56,0.397278517,0.398863863,30.39027791,4068.350665
211,12.5,0.25,0.25,0.5,0.75,94.6,57.2,79.0,68.2,33.0,55.9,34.0,0.56,0.437188153,0.416107584,32.29905902,4745.460284
212,25.0,0.5,0.38,0.38,0.5,86.0,52.0,71.9,62.0,30.0,50.8,34.0,0.56,0.421448998,0.414830175,32.16492155,4558.980717
213,25.0,0.5,0.38,0.63,0.5,86.0,52.0,71.9,62.0,30.0,50.8,34.0,0.56,0.423038771,0.416537797,32.41723682,4710.858646
214,25.0,0.5,0.25,0.5,0.63,69.7,42.1,58.2,50.2,24.3,41.2,1.0,0.1,0.475118209,0.418867231,34.0430221,5722.576764
215,37.5,0.75,0.25,0.25,0.25,86.0,52.0,71.9,62.0,30.0,50.8,16.0,0.26,0.410652063,0.408159008,31.67889844,3813.165795
216,12.5,0.25,0.25,0.5,0.75,94.6,57.2,79.0,68.2,33.0,55.9,16.0,0.26,0.595052932,0.494864674,41.36494454,7483.736315
217,25.0,0.5,0.25,0.5,0.5,94.6,57.2,79.0,68.2,33.0,55.9,16.0,0.26,0.467905283,0.437062839,34.69390641,5453.993821
218,12.5,0.25,0.25,0.25,0.5,86.0,52.0,71.9,62.0,30.0,50.8,34.0,0.56,0.435969213,0.419720202,32.81579359,4684.893205
219,12.5,0.25,0.25,0.75,0.5,69.7,42.1,58.2,50.2,24.3,41.2,1.0,0.1,0.520986614,0.433668483,35.6972028,6598.854044
220,12.5,0.25,0.25,0.38,0.25,69.7,42.1,58.2,50.2,24.3,41.2,1.0,0.1,0.532227877,0.444146829,36.88084855,6569.249674
221,20.0,0.0,0.0,0.0,0.585,86.0,52.0,71.9,62.0,30.0,50.8,3.77,0.06,0.361519212,0.389814772,29.55949395,4254.825135
222,25.0,0.5,0.25,0.75,0.63,69.7,42.1,58.2,50.2,24.3,41.2,34.0,0.56,0.390657895,0.37863215,29.46743356,4163.823044
223,25.0,0.5,0.38,0.5,0.5,69.7,42.1,58.2,50.2,24.3,41.2,1.0,0.1,0.500207249,0.431267232,35.31400484,6543.971817
224,12.5,0.25,0.25,0.25,0.38,69.7,42.1,58.2,50.2,24.3,41.2,16.0,0.26,0.517721232,0.432440021,35.50033008,6198.064956
225,12.5,0.25,0.25,0.5,0.63,69.7,42.1,58.2,50.2,24.3,41.2,16.0,0.26,0.534126224,0.441974474,36.7513957,6731.712208
226,12.5,0.25,0.25,0.38,0.75,69.7,42.1,58.2,50.2,24.3,41.2,24.0,0.39,0.533196209,0.443192487,36.95787336,6779.981658
227,12.5,0.25,0.25,0.38,0.63,94.6,57.2,79.0,68.2,33.0,55.9,16.0,0.26,0.577201619,0.48335599,39.92318644,7107.609758
228,25.0,0.5,0.25,0.38,0.75,94.6,57.2,79.0,68.2,33.0,55.9,1.0,0.1,0.519184034,0.460180133,37.30376378,6325.266131
229,12.5,0.25,0.25,0.63,0.5,86.0,52.0,71.9,62.0,30.0,50.8,24.0,0.39,0.532627825,0.460285638,37.19103587,6255.890642
230,25.0,0.5,0.25,0.5,0.63,86.0,52.0,71.9,62.0,30.0,50.8,34.0,0.56,0.379102775,0.39728943,30.35778147,4162.761559
231,12.5,0.25,0.25,0.63,0.63,69.7,42.1,58.2,50.2,24.3,41.2,16.0,0.26,0.536128074,0.445071322,36.9753139,6771.674965
232,12.5,0.25,0.25,0.75,0.5,77.4,46.8,64.7,55.8,27.0,45.8,34.0,0.56,0.555726691,0.470719472,38.38301202,6645.569975
233,25.0,0.5,0.25,0.38,0.75,86.0,52.0,71.9,62.0,30.0,50.8,1.0,0.1,0.539747718,0.470852882,38.60776797,6826.208733
234,12.5,0.25,0.38,0.38,0.5,94.6,57.2,79.0,68.2,33.0,55.9,1.0,0.1,0.614621141,0.513728593,43.7550339,8090.417127
235,12.5,0.25,0.25,0.25,0.38,77.4,46.8,64.7,55.8,27.0,45.8,16.0,0.26,0.567975637,0.480580564,39.64161958,7016.89385
236,25.0,0.5,0.38,0.38,0.75,86.0,52.0,71.9,62.0,30.0,50.8,34.0,0.56,0.446141264,0.426437069,33.44212024,5004.154338
237,12.5,0.25,0.25,0.25,0.25,94.6,57.2,79.0,68.2,33.0,55.9,1.0,0.1,0.518776342,0.456450549,36.84586824,6010.760082
238,25.0,0.5,0.25,0.63,0.63,77.4,46.8,64.7,55.8,27.0,45.8,1.0,0.1,0.5143032,0.454917386,36.6742427,6157.054843
239,25.0,0.5,0.25,0.38,0.5,69.7,42.1,58.2,50.2,24.3,41.2,24.0,0.39,0.432419853,0.394168935,31.44841986,4952.013044
240,37.5,0.75,0.25,0.25,0.25,94.6,57.2,79.0,68.2,33.0,55.9,24.0,0.39,0.284442614,0.352186419,26.10117938,2625.269164
241,12.5,0.25,0.25,0.63,0.5,69.7,42.1,58.2,50.2,24.3,41.2,24.0,0.39,0.505120461,0.425220363,34.79781929,6187.951881
242,12.5,0.25,0.38,0.5,0.5,86.0,52.0,71.9,62.0,30.0,50.8,1.0,0.1,0.632108665,0.521053692,44.57214339,8408.383412
243,25.0,0.5,0.25,0.75,0.63,77.4,46.8,64.7,55.8,27.0,45.8,1.0,0.1,0.532482559,0.465680233,37.90850822,6752.016952
244,12.5,0.25,0.25,0.25,0.63,69.7,42.1,58.2,50.2,24.3,41.2,24.0,0.39,0.532704207,0.447647041,36.99403039,6480.80815
245,25.0,0.5,0.38,0.5,0.75,86.0,52.0,71.9,62.0,30.0,50.8,16.0,0.26,0.548124898,0.475847288,39.18303615,6754.448935
246,12.5,0.25,0.38,0.5,0.63,94.6,57.2,79.0,68.2,33.0,55.9,16.0,0.26,0.614291616,0.509645194,43.17615175,7998.350591
247,12.5,0.25,0.25,0.38,0.38,77.4,46.8,64.7,55.8,27.0,45.8,16.0,0.26,0.572725923,0.479866804,39.46947609,7024.748359
248,25.0,0.5,0.38,0.5,0.75,69.7,42.1,58.2,50.2,24.3,41.2,1.0,0.1,0.498696418,0.432754792,35.40935334,6189.779795
249,25.0,0.5,0.25,0.75,0.75,94.6,57.2,79.0,68.2,33.0,55.9,1.0,0.1,0.52380127,0.463058596,37.69400303,6515.261449
250,12.5,0.25,0.25,0.25,0.25,86.0,52.0,71.9,62.0,30.0,50.8,34.0,0.56,0.391598449,0.400083453,30.66218699,3968.330182
251,25.0,0.5,0.25,0.63,0.63,94.6,57.2,79.0,68.2,33.0,55.9,1.0,0.1,0.509001253,0.455135389,36.69768447,6079.085257
252,12.5,0.25,0.25,0.75,0.75,77.4,46.8,64.7,55.8,27.0,45.8,24.0,0.39,0.578887446,0.482859526,39.77772061,7183.10038
253,12.5,0.25,0.25,0.38,0.5,86.0,52.0,71.9,62.0,30.0,50.8,16.0,0.26,0.582848693,0.487056813,40.37019338,7198.422854
254,12.5,0.25,0.38,0.5,0.75,94.6,57.2,79.0,68.2,33.0,55.9,16.0,0.26,0.627442488,0.519045161,44.39094402,8254.126537
255,12.5,0.25,0.25,0.25,0.38,69.7,42.1,58.2,50.2,24.3,41.2,24.0,0.39,0.492076861,0.422051395,34.43568098,5647.712261
256,12.5,0.25,0.38,0.38,0.5,94.6,57.2,79.0,68.2,33.0,55.9,24.0,0.39,0.4745752,0.436042539,34.68201491,5296.611091
257,12.5,0.25,0.25,0.25,0.63,86.0,52.0,71.9,62.0,30.0,50.8,1.0,0.1,0.626280739,0.516666897,43.97488159,8263.289742
258,12.5,0.25,0.25,0.5,0.75,77.4,46.8,64.7,55.8,27.0,45.8,24.0,0.39,0.574796304,0.482118713,39.77346165,7172.435009
259,12.5,0.25,0.25,0.38,0.25,69.7,42.1,58.2,50.2,24.3,41.2,24.0,0.39,0.489326401,0.41985155,34.02922281,5674.028523
260,37.5,0.75,0.25,0.25,0.25,94.6,57.2,79.0,68.2,33.0,55.9,1.0,0.1,0.407564155,0.40878935,31.56258602,4303.94303
261,12.5,0.25,0.38,0.5,0.5,86.0,52.0,71.9,62.0,30.0,50.8,24.0,0.39,0.576602444,0.487427885,40.46221144,7064.169775
262,12.5,0.25,0.25,0.63,0.63,86.0,52.0,71.9,62.0,30.0,50.8,24.0,0.39,0.547283352,0.466492143,37.87903588,6583.457887
263,25.0,0.5,0.25,0.75,0.5,69.7,42.1,58.2,50.2,24.3,41.2,24.0,0.39,0.41985138,0.383219703,30.22351864,4867.94772
264,25.0,0.5,0.38,0.38,0.5,86.0,52.0,71.9,62.0,30.0,50.8,1.0,0.1,0.551264467,0.478135139,39.4849869,6821.808099
265,25.0,0.5,0.38,0.5,0.63,86.0,52.0,71.9,62.0,30.0,50.8,1.0,0.1,0.566413581,0.486368192,40.45342047,7236.090253
266,12.5,0.25,0.25,0.38,0.5,77.4,46.8,64.7,55.8,27.0,45.8,1.0,0.1,0.610691292,0.503991707,42.40950749,7935.094765
267,25.0,0.5,0.25,0.38,0.5,94.6,57.2,79.0,68.2,33.0,55.9,1.0,0.1,0.477832221,0.439278501,34.8789274,5524.145415
268,25.0,0.5,0.38,0.5,0.63,94.6,57.2,79.0,68.2,33.0,55.9,34.0,0.56,0.395911623,0.408088064,31.67018669,4201.435956
269,12.5,0.25,0.38,0.5,0.5,77.4,46.8,64.7,55.8,27.0,45.8,34.0,0.56,0.583077181,0.490020262,40.73826603,7150.9817
270,12.5,0.25,0.25,0.25,0.38,94.6,57.2,79.0,68.2,33.0,55.9,24.0,0.39,0.399362246,0.400247657,30.7671091,4177.015203
271,25.0,0.5,0.25,0.38,0.75,94.6,57.2,79.0,68.2,33.0,55.9,16.0,0.26,0.483805569,0.445308404,35.72248781,5632.459174
272,25.0,0.5,0.25,0.75,0.63,77.4,46.8,64.7,55.8,27.0,45.8,16.0,0.26,0.508296527,0.45370258,36.57388769,6301.034422
273,12.5,0.25,0.25,0.75,0.63,69.7,42.1,58.2,50.2,24.3,41.2,16.0,0.26,0.529163709,0.438095887,36.25083805,6749.518191
274,25.0,0.5,0.25,0.75,0.75,77.4,46.8,64.7,55.8,27.0,45.8,16.0,0.26,0.509158377,0.450886886,36.13019216,6236.707106
275,12.5,0.25,0.38,0.5,0.75,69.7,42.1,58.2,50.2,24.3,41.2,24.0,0.39,0.571610169,0.468338919,39.41382075,7381.379396
276,25.0,0.5,0.38,0.38,0.5,69.7,42.1,58.2,50.2,24.3,41.2,34.0,0.56,0.434666745,0.401067837,31.93547883,4858.240729
277,25.0,0.5,0.25,0.38,0.5,94.6,57.2,79.0,68.2,33.0,55.9,24.0,0.39,0.353235517,0.383470679,28.94869929,3626.366534
278,25.0,0.5,0.25,0.75,0.63,94.6,57.2,79.0,68.2,33.0,55.9,16.0,0.26,0.488876344,0.445474763,35.59821657,5696.026057
279,25.0,0.5,0.25,0.75,0.5,86.0,52.0,71.9,62.0,30.0,50.8,24.0,0.39,0.454381334,0.42782472,33.55926075,5236.03334
280,12.5,0.25,0.25,0.5,0.63,69.7,42.1,58.2,50.2,24.3,41.2,34.0,0.56,0.46555863,0.409033913,32.9240208,5322.840434
281,12.5,0.25,0.25,0.25,0.63,86.0,52.0,71.9,62.0,30.0,50.8,24.0,0.39,0.540978199,0.466453575,37.96686445,6443.256903
282,12.5,0.25,0.25,0.38,0.75,77.4,46.8,64.7,55.8,27.0,45.8,24.0,0.39,0.586760249,0.490357436,40.7940564,7400.775379
283,12.5,0.25,0.38,0.38,0.5,86.0,52.0,71.9,62.0,30.0,50.8,24.0,0.39,0.566076664,0.481349777,39.7419306,6848.626223
284,12.5,0.25,0.25,0.63,0.5,77.4,46.8,64.7,55.8,27.0,45.8,24.0,0.39,0.560709036,0.475184735,38.99704008,6887.466493
285,12.5,0.25,0.38,0.38,0.5,86.0,52.0,71.9,62.0,30.0,50.8,1.0,0.1,0.641480254,0.528322189,45.47838117,8711.208961
286,12.5,0.25,0.38,0.38,0.5,69.7,42.1,58.2,50.2,24.3,41.2,34.0,0.56,0.483872542,0.417947008,34.20739786,5665.219597
287,25.0,0.5,0.38,0.38,0.63,94.6,57.2,79.0,68.2,33.0,55.9,16.0,0.26,0.51884433,0.461179325,37.405241,6226.285142
288,12.5,0.25,0.25,0.38,0.5,86.0,52.0,71.9,62.0,30.0,50.8,34.0,0.56,0.447668818,0.423013398,33.08835541,4850.037463
289,12.5,0.25,0.25,0.63,0.5,77.4,46.8,64.7,55.8,27.0,45.8,34.0,0.56,0.543972464,0.466640196,37.96058614,6451.100519
290,25.0,0.5,0.38,0.63,0.5,77.4,46.8,64.7,55.8,27.0,45.8,16.0,0.26,0.538604193,0.468763134,38.3177098,6663.000678
291,25.0,0.5,0.25,0.38,0.63,77.4,46.8,64.7,55.8,27.0,45.8,16.0,0.26,0.510102557,0.453994528,36.49496278,6115.947066
292,12.5,0.25,0.25,0.25,0.5,94.6,57.2,79.0,68.2,33.0,55.9,1.0,0.1,0.573428227,0.483047479,39.92972033,7122.490558
293,25.0,0.5,0.25,0.63,0.75,69.7,42.1,58.2,50.2,24.3,41.2,34.0,0.56,0.38581266,0.375406416,29.13659362,4245.285732
294,25.0,0.5,0.38,0.5,0.63,77.4,46.8,64.7,55.8,27.0,45.8,16.0,0.26,0.550864261,0.476928353,39.33656697,6909.429998
295,12.5,0.25,0.38,0.5,0.63,94.6,57.2,79.0,68.2,33.0,55.9,24.0,0.39,0.509933842,0.453340965,36.66168432,5898.015732
296,25.0,0.5,0.25,0.38,0.63,94.6,57.2,79.0,68.2,33.0,55.9,24.0,0.39,0.364564858,0.391617371,29.90851804,3723.523376
297,12.5,0.25,0.25,0.75,0.5,86.0,52.0,71.9,62.0,30.0,50.8,24.0,0.39,0.544066693,0.464561582,37.67828481,6514.638993
298,25.0,0.5,0.38,0.38,0.75,94.6,57.2,79.0,68.2,33.0,55.9,34.0,0.56,0.390063566,0.402362581,30.87322424,4010.552148
299,12.5,0.25,0.38,0.38,0.63,77.4,46.8,64.7,55.8,27.0,45.8,1.0,0.1,0.638787728,0.524904141,44.99434918,8634.775829
300,25.0,0.5,0.25,0.75,0.5,86.0,52.0,71.9,62.0,30.0,50.8,1.0,0.1,0.523845567,0.460305334,37.27729673,6521.291119
301,12.5,0.25,0.38,0.38,0.63,94.6,57.2,79.0,68.2,33.0,55.9,24.0,0.39,0.498657334,0.448608762,36.11395452,5777.3754
302,25.0,0.5,0.38,0.38,0.5,94.6,57.2,79.0,68.2,33.0,55.9,34.0,0.56,0.358261487,0.388145286,29.38856018,3396.729889
303,12.5,0.25,0.25,0.38,0.63,77.4,46.8,64.7,55.8,27.0,45.8,34.0,0.56,0.553032347,0.471189418,38.45252155,6540.105445
304,25.0,0.5,0.25,0.75,0.5,69.7,42.1,58.2,50.2,24.3,41.2,1.0,0.1,0.46424992,0.409987805,33.0201908,5902.33288
305,25.0,0.5,0.25,0.38,0.63,69.7,42.1,58.2,50.2,24.3,41.2,34.0,0.56,0.384610827,0.376874346,29.3286186,4167.451239
306,20.0,0.0,0.0,0.585,0.0,86.0,52.0,71.9,62.0,30.0,50.8,3.77,0.06,0.249334678,0.320727305,23.41277571,2605.696759
307,12.5,0.25,0.25,0.75,0.63,94.6,57.2,79.0,68.2,33.0,55.9,34.0,0.56,0.429210588,0.409976946,31.57410804,4580.392997
308,25.0,0.25,0.25,0.25,0.38,94.6,57.2,79.0,68.2,33.0,55.9,24.0,0.39,0.335529768,0.378528127,28.45383631,3385.148001
309,12.5,0.25,0.25,0.63,0.63,94.6,57.2,79.0,68.2,33.0,55.9,16.0,0.26,0.579981861,0.48518887,40.17821466,7231.027782
310,12.5,0.25,0.25,0.63,0.5,94.6,57.2,79.0,68.2,33.0,55.9,24.0,0.39,0.454937519,0.423865656,33.26713681,5151.386473
311,12.5,0.25,0.38,0.5,0.75,77.4,46.8,64.7,55.8,27.0,45.8,16.0,0.26,0.621810512,0.511053454,43.24204733,8173.589103
312,25.0,0.5,0.38,0.5,0.75,77.4,46.8,64.7,55.8,27.0,45.8,16.0,0.26,0.546259537,0.473088807,38.82636429,6919.34518
313,25.0,0.5,0.25,0.38,0.5,86.0,52.0,71.9,62.0,30.0,50.8,16.0,0.26,0.495479339,0.448400516,35.92331365,5946.052257
314,25.0,0.5,0.38,0.5,0.5,77.4,46.8,64.7,55.8,27.0,45.8,1.0,0.1,0.566355374,0.483787993,39.98873363,7565.211237
315,25.0,0.5,0.25,0.38,0.63,94.6,57.2,79.0,68.2,33.0,55.9,16.0,0.26,0.47973321,0.443962193,35.55511529,5636.308737
316,12.5,0.25,0.25,0.5,0.5,94.6,57.2,79.0,68.2,33.0,55.9,1.0,0.1,0.582954458,0.488176027,40.55976952,7243.226111
317,12.5,0.25,0.25,0.63,0.63,69.7,42.1,58.2,50.2,24.3,41.2,24.0,0.39,0.511750776,0.427683045,35.17991165,6461.670875
318,12.5,0.25,0.25,0.38,0.5,77.4,46.8,64.7,55.8,27.0,45.8,34.0,0.56,0.540082008,0.463759475,37.60167915,6331.867217
319,25.0,0.5,0.38,0.38,0.63,77.4,46.8,64.7,55.8,27.0,45.8,34.0,0.56,0.515012624,0.459420676,37.21402074,5966.711278
320,12.5,0.25,0.25,0.25,0.5,77.4,46.8,64.7,55.8,27.0,45.8,34.0,0.56,0.530709113,0.460796109,37.25124178,6093.315271
321,12.5,0.25,0.38,0.5,0.63,86.0,52.0,71.9,62.0,30.0,50.8,1.0,0.1,0.645475445,0.530933466,45.80306982,8823.690108
322,25.0,0.5,0.25,0.5,0.75,77.4,46.8,64.7,55.8,27.0,45.8,1.0,0.1,0.53990422,0.468904437,38.34178123,7293.53617
323,12.5,0.25,0.25,0.5,0.5,86.0,52.0,71.9,62.0,30.0,50.8,24.0,0.39,0.535877448,0.462697311,37.55556802,6368.849821
324,12.5,0.25,0.25,0.38,0.63,94.6,57.2,79.0,68.2,33.0,55.9,1.0,0.1,0.598645112,0.499370198,41.92156882,7637.633381
325,25.0,0.5,0.25,0.5,0.5,94.6,57.2,79.0,68.2,33.0,55.9,24.0,0.39,0.363981224,0.388819023,29.52823594,3937.915393
326,12.5,0.25,0.38,0.5,0.75,94.6,57.2,79.0,68.2,33.0,55.9,24.0,0.39,0.506190323,0.452074913,36.55432716,5807.006933
327,12.5,0.25,0.38,0.38,0.63,77.4,46.8,64.7,55.8,27.0,45.8,24.0,0.39,0.600388431,0.501204063,42.12881916,7604.315838
328,12.5,0.25,0.38,0.38,0.63,69.7,42.1,58.2,50.2,24.3,41.2,24.0,0.39,0.564981991,0.467219599,39.50188081,7219.760394
329,25.0,0.5,0.25,0.38,0.75,77.4,46.8,64.7,55.8,27.0,45.8,1.0,0.1,0.541564813,0.470719039,38.54027918,7071.615319
330,12.5,0.25,0.25,0.75,0.63,86.0,52.0,71.9,62.0,30.0,50.8,1.0,0.1,0.610993712,0.503636289,42.40915749,7963.939307
331,25.0,0.5,0.25,0.75,0.5,94.6,57.2,79.0,68.2,33.0,55.9,24.0,0.39,0.386011221,0.397661192,30.5255093,4056.834271
332,25.0,0.5,0.25,0.38,0.75,86.0,52.0,71.9,62.0,30.0,50.8,24.0,0.39,0.467156853,0.435851115,34.48550991,5424.123512
333,12.5,0.25,0.25,0.75,0.5,86.0,52.0,71.9,62.0,30.0,50.8,1.0,0.1,0.603545036,0.497978979,41.6216451,7738.881709
334,25.0,0.5,0.25,0.75,0.63,77.4,46.8,64.7,55.8,27.0,45.8,34.0,0.56,0.468192461,0.435692713,34.5553911,5154.975914
335,25.0,0.5,0.25,0.5,0.5,69.7,42.1,58.2,50.2,24.3,41.2,24.0,0.39,0.429000524,0.391211231,31.07883034,4936.01177
336,12.5,0.25,0.25,0.75,0.63,69.7,42.1,58.2,50.2,24.3,41.2,24.0,0.39,0.514537018,0.430253104,35.41408191,6335.296388
337,20.0,0.537,0.117,0.409,0.058,89.0,39.0,65.6,66.0,28.0,45.3,3.77,0.06,0.401537849,0.399935482,30.58216104,4166.299735
338,12.5,0.25,0.25,0.75,0.75,94.6,57.2,79.0,68.2,33.0,55.9,16.0,0.26,0.601161249,0.495799217,41.36318078,7558.005885
339,25.0,0.5,0.25,0.5,0.75,94.6,57.2,79.0,68.2,33.0,55.9,16.0,0.26,0.496598201,0.447853006,35.82485206,5970.681858
340,12.5,0.25,0.25,0.5,0.75,69.7,42.1,58.2,50.2,24.3,41.2,16.0,0.26,0.55235942,0.455179564,38.04275581,7103.508943
341,40.0,0.537,0.117,0.409,0.058,86.0,52.0,71.9,62.0,30.0,50.8,3.77,0.06,0.342841074,0.377915162,28.46200492,3373.436842
342,12.5,0.25,0.25,0.5,0.75,86.0,52.0,71.9,62.0,30.0,50.8,24.0,0.39,0.567958657,0.477778535,39.23966787,6862.908392
343,25.0,0.5,0.25,0.63,0.75,69.7,42.1,58.2,50.2,24.3,41.2,24.0,0.39,0.451103585,0.402855862,32.40278346,5455.118908
344,12.5,0.25,0.25,0.38,0.5,86.0,52.0,71.9,62.0,30.0,50.8,24.0,0.39,0.521523421,0.455614374,36.67877702,6098.113172
345,25.0,0.5,0.25,0.38,0.5,94.6,57.2,79.0,68.2,33.0,55.9,34.0,0.56,0.308856187,0.366977261,27.19065136,2946.926015
346,25.0,0.25,0.25,0.25,0.25,94.6,57.2,79.0,68.2,33.0,55.9,34.0,0.56,0.262139643,0.349353787,25.43353016,2384.728916
347,25.0,0.5,0.38,0.38,0.75,77.4,46.8,64.7,55.8,27.0,45.8,34.0,0.56,0.51175153,0.459224426,37.29886067,5919.430755
348,12.5,0.25,0.38,0.38,0.75,69.7,42.1,58.2,50.2,24.3,41.2,1.0,0.1,0.566319234,0.462462315,39.12726257,7416.707761
349,12.5,0.25,0.25,0.5,0.5,77.4,46.8,64.7,55.8,27.0,45.8,16.0,0.26,0.575902218,0.480382567,39.49160012,7159.336664
350,25.0,0.5,0.38,0.38,0.75,77.4,46.8,64.7,55.8,27.0,45.8,24.0,0.39,0.524563481,0.463821541,37.75813832,6327.008075
351,12.5,0.25,0.25,0.25,0.38,77.4,46.8,64.7,55.8,27.0,45.8,34.0,0.56,0.508341786,0.450021969,35.97225667,5728.748277
352,25.0,0.5,0.25,0.38,0.63,77.4,46.8,64.7,55.8,27.0,45.8,24.0,0.39,0.48180056,0.443504,35.39214139,5715.008404
353,25.0,0.5,0.38,0.38,0.75,69.7,42.1,58.2,50.2,24.3,41.2,34.0,0.56,0.425634435,0.392668897,31.13021301,4789.596969
354,12.5,0.25,0.38,0.5,0.63,69.7,42.1,58.2,50.2,24.3,41.2,1.0,0.1,0.557376524,0.45826996,38.77478764,7317.951035
355,12.5,0.25,0.38,0.38,0.63,69.7,42.1,58.2,50.2,24.3,41.2,1.0,0.1,0.573204799,0.46935993,39.81661146,7555.171595
356,12.5,0.25,0.25,0.63,0.63,94.6,57.2,79.0,68.2,33.0,55.9,24.0,0.39,0.473142233,0.430905502,34.01445364,5446.697471
357,25.0,0.5,0.25,0.63,0.5,77.4,46.8,64.7,55.8,27.0,45.8,1.0,0.1,0.533393093,0.465952713,37.87016972,6619.846953
358,12.5,0.25,0.25,0.63,0.63,77.4,46.8,64.7,55.8,27.0,45.8,34.0,0.56,0.557250655,0.472521274,38.6254357,6708.241295
359,12.5,0.25,0.38,0.38,0.63,77.4,46.8,64.7,55.8,27.0,45.8,16.0,0.26,0.612974151,0.508018854,42.93452098,7829.472937
360,25.0,0.5,0.25,0.63,0.63,94.6,57.2,79.0,68.2,33.0,55.9,16.0,0.26,0.479965751,0.437359742,34.53114233,5514.667479
361,25.0,0.5,0.25,0.5,0.5,86.0,52.0,71.9,62.0,30.0,50.8,24.0,0.39,0.447040787,0.425532717,33.3649925,4930.619033
362,20.0,0.0,0.042,0.147,0.021,86.0,52.0,71.9,62.0,30.0,50.8,3.77,0.06,0.192731658,0.311920972,22.07919927,1637.704022
363,12.5,0.25,0.25,0.25,0.25,86.0,52.0,71.9,62.0,30.0,50.8,16.0,0.26,0.521950271,0.456936833,36.85236256,5996.078548
364,25.0,0.5,0.25,0.75,0.75,77.4,46.8,64.7,55.8,27.0,45.8,24.0,0.39,0.490016595,0.445717779,35.64822051,5830.89362
365,12.5,0.25,0.25,0.38,0.38,86.0,52.0,71.9,62.0,30.0,50.8,34.0,0.56,0.435965493,0.417486081,32.514844,4673.380523
366,25.0,0.25,0.25,0.25,0.38,86.0,52.0,71.9,62.0,30.0,50.8,24.0,0.39,0.391964935,0.401397435,30.68639758,4045.479657
367,25.0,0.5,0.25,0.38,0.63,94.6,57.2,79.0,68.2,33.0,55.9,34.0,0.56,0.325920891,0.373748945,27.91944764,3276.362058
368,12.5,0.25,0.25,0.38,0.38,77.4,46.8,64.7,55.8,27.0,45.8,24.0,0.39,0.536209474,0.463502091,37.62571268,6299.226358
369,25.0,0.5,0.25,0.75,0.63,69.7,42.1,58.2,50.2,24.3,41.2,24.0,0.39,0.466109593,0.414753539,33.28905228,5932.239093
370,12.5,0.25,0.25,0.25,0.75,77.4,46.8,64.7,55.8,27.0,45.8,24.0,0.39,0.585377664,0.488527456,40.56148952,7322.609141
371,12.5,0.25,0.25,0.38,0.38,94.6,57.2,79.0,68.2,33.0,55.9,16.0,0.26,0.524887803,0.45782887,36.97636061,5934.010884
372,12.5,0.25,0.25,0.75,0.5,77.4,46.8,64.7,55.8,27.0,45.8,16.0,0.26,0.583697575,0.48651762,40.2744187,7417.81497
373,25.0,0.5,0.25,0.63,0.75,94.6,57.2,79.0,68.2,33.0,55.9,24.0,0.39,0.400444088,0.403128905,31.08154655,4572.126366
374,12.5,0.25,0.25,0.25,0.5,77.4,46.8,64.7,55.8,27.0,45.8,1.0,0.1,0.613333283,0.504056677,42.40766225,7825.874922
375,25.0,0.5,0.38,0.5,0.5,94.6,57.2,79.0,68.2,33.0,55.9,16.0,0.26,0.520756415,0.460795368,37.38218685,6274.934837
376,12.5,0.25,0.25,0.75,0.75,86.0,52.0,71.9,62.0,30.0,50.8,16.0,0.26,0.612633396,0.502786993,42.17176453,7914.171177
377,25.0,0.25,0.25,0.25,0.38,69.7,42.1,58.2,50.2,24.3,41.2,16.0,0.26,0.429092481,0.394971427,31.43977899,4705.626533
378,12.5,0.25,0.38,0.5,0.5,77.4,46.8,64.7,55.8,27.0,45.8,16.0,0.26,0.611462998,0.504716807,42.50852244,7903.513509
379,25.0,0.5,0.25,0.63,0.63,94.6,57.2,79.0,68.2,33.0,55.9,34.0,0.56,0.343963231,0.381851426,28.79344014,3502.082918
380,12.5,0.25,0.25,0.25,0.5,69.7,42.1,58.2,50.2,24.3,41.2,34.0,0.56,0.443297352,0.399723843,31.90931611,4868.211449
381,12.5,0.25,0.25,0.5,0.63,86.0,52.0,71.9,62.0,30.0,50.8,34.0,0.56,0.480963646,0.437059543,34.66057255,5291.89688
382,12.5,0.25,0.25,0.38,0.38,69.7,42.1,58.2,50.2,24.3,41.2,24.0,0.39,0.481472551,0.411546877,33.47013876,5741.210297
383,12.5,0.25,0.25,0.63,0.75,86.0,52.0,71.9,62.0,30.0,50.8,16.0,0.26,0.611039732,0.501877874,42.13008169,7897.9319
384,12.5,0.25,0.25,0.38,0.25,69.7,42.1,58.2,50.2,24.3,41.2,16.0,0.26,0.505619046,0.429150584,35.23885567,5914.16491
385,25.0,0.5,0.38,0.5,0.63,86.0,52.0,71.9,62.0,30.0,50.8,24.0,0.39,0.502979625,0.450692194,36.16966007,5755.700162
386,25.0,0.25,0.25,0.25,0.25,86.0,52.0,71.9,62.0,30.0,50.8,24.0,0.39,0.376670148,0.396533319,30.21832512,3662.183125
387,12.5,0.25,0.25,0.63,0.75,86.0,52.0,71.9,62.0,30.0,50.8,24.0,0.39,0.566645314,0.478935976,39.38136072,6901.658937
388,12.5,0.25,0.25,0.25,0.75,77.4,46.8,64.7,55.8,27.0,45.8,16.0,0.26,0.607396172,0.501359058,42.07457289,7829.514
389,12.5,0.25,0.25,0.63,0.75,69.7,42.1,58.2,50.2,24.3,41.2,34.0,0.56,0.476178181,0.413631524,33.49849454,5596.226357
390,25.0,0.5,0.25,0.63,0.5,86.0,52.0,71.9,62.0,30.0,50.8,24.0,0.39,0.442626748,0.424874062,33.28480863,5042.640339
391,12.5,0.25,0.25,0.5,0.5,94.6,57.2,79.0,68.2,33.0,55.9,24.0,0.39,0.437609121,0.416280584,32.41787171,4700.576149
392,12.5,0.25,0.38,0.5,0.5,77.4,46.8,64.7,55.8,27.0,45.8,24.0,0.39,0.594836828,0.495912854,41.44744954,7441.509419
393,12.5,0.25,0.25,0.38,0.25,77.4,46.8,64.7,55.8,27.0,45.8,34.0,0.56,0.488308859,0.441470296,35.11873926,5402.484081
394,12.5,0.25,0.38,0.5,0.63,86.0,52.0,71.9,62.0,30.0,50.8,16.0,0.26,0.625727004,0.516063505,43.95536146,8116.531753
395,25.0,0.5,0.25,0.5,0.5,86.0,52.0,71.9,62.0,30.0,50.8,34.0,0.56,0.372318474,0.394461774,30.13586876,3764.319732
396,12.5,0.25,0.25,0.63,0.63,94.6,57.2,79.0,68.2,33.0,55.9,34.0,0.56,0.424574228,0.408610007,31.44274436,4568.672172
397,25.0,0.5,0.38,0.38,0.75,94.6,57.2,79.0,68.2,33.0,55.9,24.0,0.39,0.437424398,0.423861178,33.3532206,4913.222919
398,12.5,0.25,0.25,0.25,0.75,69.7,42.1,58.2,50.2,24.3,41.2,24.0,0.39,0.529678291,0.440298814,36.67145553,6615.690061
399,25.0,0.5,0.25,0.5,0.75,69.7,42.1,58.2,50.2,24.3,41.2,34.0,0.56,0.398218446,0.381184884,29.80390835,4336.100956
400,12.5,0.25,0.38,0.5,0.75,69.7,42.1,58.2,50.2,24.3,41.2,16.0,0.26,0.566719686,0.463806532,39.36457911,7565.104163
401,12.5,0.25,0.25,0.38,0.25,94.6,57.2,79.0,68.2,33.0,55.9,1.0,0.1,0.533883971,0.461277878,37.33661143,6277.168674
402,12.5,0.25,0.25,0.63,0.5,69.7,42.1,58.2,50.2,24.3,41.2,34.0,0.56,0.464368945,0.412661872,33.12546719,5367.618255
403,12.5,0.25,0.25,0.38,0.5,69.7,42.1,58.2,50.2,24.3,41.2,34.0,0.56,0.444908279,0.398116316,31.78135831,4888.503031
404,12.5,0.25,0.25,0.63,0.75,94.6,57.2,79.0,68.2,33.0,55.9,1.0,0.1,0.603371908,0.500653697,42.13153821,7675.963523
405,12.5,0.25,0.25,0.25,0.63,77.4,46.8,64.7,55.8,27.0,45.8,34.0,0.56,0.548724554,0.470373306,38.37855771,6400.022213
406,25.0,0.5,0.25,0.38,0.63,77.4,46.8,64.7,55.8,27.0,45.8,1.0,0.1,0.536899811,0.467854471,38.23520379,6747.597792
407,20.0,18.43,0.042,0.147,0.021,86.0,52.0,71.9,62.0,30.0,50.8,3.77,0.06,0.55788532,0.377596581,28.55641695,6276.410544
408,12.5,0.25,0.25,0.75,0.5,69.7,42.1,58.2,50.2,24.3,41.2,24.0,0.39,0.518556034,0.433841405,35.48700839,6500.097782
409,12.5,0.25,0.25,0.5,0.5,69.7,42.1,58.2,50.2,24.3,41.2,1.0,0.1,0.52698696,0.438669933,36.34050331,6696.23571
410,25.0,0.5,0.38,0.38,0.75,69.7,42.1,58.2,50.2,24.3,41.2,16.0,0.26,0.499125312,0.430330293,35.22201111,6493.258285
411,25.0,0.5,0.25,0.63,0.75,94.6,57.2,79.0,68.2,33.0,55.9,16.0,0.26,0.496270554,0.448256199,35.89837298,5750.881068
412,12.5,0.25,0.25,0.25,0.5,94.6,57.2,79.0,68.2,33.0,55.9,16.0,0.26,0.551499227,0.470881708,38.48388312,6626.506846
413,12.5,0.25,0.25,0.25,0.25,77.4,46.8,64.7,55.8,27.0,45.8,16.0,0.26,0.538125922,0.465041445,37.81761708,6125.695384
414,12.5,0.25,0.25,0.25,0.38,86.0,52.0,71.9,62.0,30.0,50.8,1.0,0.1,0.58704878,0.492820232,41.13589278,7267.28344
415,12.5,0.25,0.25,0.75,0.5,94.6,57.2,79.0,68.2,33.0,55.9,1.0,0.1,0.585313688,0.48648622,40.22738685,7284.814779
416,12.5,0.25,0.38,0.5,0.5,69.7,42.1,58.2,50.2,24.3,41.2,1.0,0.1,0.559324725,0.459383737,38.84880688,7357.358903
417,12.5,0.25,0.25,0.5,0.5,94.6,57.2,79.0,68.2,33.0,55.9,16.0,0.26,0.570329618,0.480779062,39.67566796,7161.961901
418,12.5,0.25,0.25,0.25,0.63,69.7,42.1,58.2,50.2,24.3,41.2,1.0,0.1,0.541415007,0.446912521,37.52543015,6870.342118
419,12.5,0.25,0.25,0.25,0.38,94.6,57.2,79.0,68.2,33.0,55.9,34.0,0.56,0.349908358,0.380185034,28.41793063,3496.352359
420,25.0,0.5,0.38,0.5,0.5,94.6,57.2,79.0,68.2,33.0,55.9,34.0,0.56,0.37680364,0.39617025,30.15219795,3748.465467
421,12.5,0.25,0.25,0.25,0.75,94.6,57.2,79.0,68.2,33.0,55.9,16.0,0.26,0.58249065,0.488112101,40.57450377,7230.132504
422,25.0,0.5,0.25,0.63,0.75,86.0,52.0,71.9,62.0,30.0,50.8,24.0,0.39,0.476126065,0.437922725,34.66515546,5393.564335
423,12.5,0.25,0.38,0.5,0.5,69.7,42.1,58.2,50.2,24.3,41.2,16.0,0.26,0.56383312,0.462547404,39.20306912,7434.34904
424,12.5,0.25,0.25,0.38,0.5,94.6,57.2,79.0,68.2,33.0,55.9,34.0,0.56,0.382036352,0.392787396,29.77562706,3826.172262
425,12.5,0.25,0.25,0.75,0.75,77.4,46.8,64.7,55.8,27.0,45.8,34.0,0.56,0.57272491,0.481279313,39.69681287,7019.694384
426,37.5,0.25,0.25,0.25,0.25,94.6,57.2,79.0,68.2,33.0,55.9,1.0,0.1,0.381314223,0.40248084,30.79374092,3900.344042
427,25.0,0.5,0.38,0.38,0.5,69.7,42.1,58.2,50.2,24.3,41.2,24.0,0.39,0.470881648,0.413625114,33.87425241,5569.139254
428,37.5,0.75,0.25,0.25,0.25,77.4,46.8,64.7,55.8,27.0,45.8,16.0,0.26,0.427977027,0.414710939,32.33415267,4234.868585
429,12.5,0.25,0.25,0.63,0.75,77.4,46.8,64.7,55.8,27.0,45.8,16.0,0.26,0.600086778,0.496548991,41.54582537,7835.767792
430,25.0,0.5,0.25,0.38,0.5,69.7,42.1,58.2,50.2,24.3,41.2,34.0,0.56,0.375383664,0.370480992,28.80786754,4290.964878
431,25.0,0.5,0.38,0.5,0.63,94.6,57.2,79.0,68.2,33.0,55.9,24.0,0.39,0.425493214,0.418732102,32.85641894,4575.769909
432,37.5,0.25,0.25,0.25,0.25,77.4,46.8,64.7,55.8,27.0,45.8,16.0,0.26,0.426228043,0.423988312,33.29902167,4310.625398
433,12.5,0.25,0.25,0.75,0.75,86.0,52.0,71.9,62.0,30.0,50.8,34.0,0.56,0.500189951,0.444658692,35.51753863,5729.569636
434,25.0,0.5,0.25,0.75,0.5,94.6,57.2,79.0,68.2,33.0,55.9,34.0,0.56,0.334220017,0.377888031,28.28409524,3501.179921
435,25.0,0.5,0.25,0.75,0.63,86.0,52.0,71.9,62.0,30.0,50.8,1.0,0.1,0.51425307,0.453028369,36.40698205,6254.655109
436,25.0,0.5,0.25,0.38,0.5,77.4,46.8,64.7,55.8,27.0,45.8,24.0,0.39,0.462752296,0.433844688,34.35665515,5203.876814
437,12.5,0.25,0.38,0.38,0.5,77.4,46.8,64.7,55.8,27.0,45.8,24.0,0.39,0.598814008,0.498585597,41.73066669,7510.790568
438,25.0,0.25,0.25,0.25,0.25,77.4,46.8,64.7,55.8,27.0,45.8,34.0,0.56,0.393394771,0.404796043,31.1279858,3822.981667
439,25.0,0.25,0.25,0.25,0.25,77.4,46.8,64.7,55.8,27.0,45.8,16.0,0.26,0.447780771,0.42726083,33.58954163,4898.835857
440,25.0,0.5,0.38,0.63,0.5,86.0,52.0,71.9,62.0,30.0,50.8,16.0,0.26,0.545028739,0.473660277,38.94515185,6707.592585
441,12.5,0.25,0.25,0.75,0.75,69.7,42.1,58.2,50.2,24.3,41.2,16.0,0.26,0.528518697,0.437693166,36.31013579,6757.073662
442,25.0,0.25,0.25,0.25,0.25,69.7,42.1,58.2,50.2,24.3,41.2,16.0,0.26,0.407373541,0.386415506,30.54294428,4334.841218
443,12.5,0.25,0.25,0.25,0.63,69.7,42.1,58.2,50.2,24.3,41.2,16.0,0.26,0.54613583,0.453001484,37.97024343,6898.390949
444,25.0,0.5,0.25,0.63,0.63,77.4,46.8,64.7,55.8,27.0,45.8,24.0,0.39,0.484089347,0.442111609,35.27931173,5529.066137
445,25.0,0.5,0.38,0.38,0.63,69.7,42.1,58.2,50.2,24.3,41.2,1.0,0.1,0.502785174,0.430113965,35.52053432,6702.780378
446,25.0,0.5,0.25,0.75,0.75,86.0,52.0,71.9,62.0,30.0,50.8,24.0,0.39,0.469631675,0.434132503,34.2751629,5498.583951
447,12.5,0.25,0.25,0.38,0.5,69.7,42.1,58.2,50.2,24.3,41.2,1.0,0.1,0.535364693,0.442557129,37.11047048,7130.830014
448,12.5,0.25,0.25,0.25,0.63,86.0,52.0,71.9,62.0,30.0,50.8,16.0,0.26,0.595273348,0.494398082,41.2557857,7451.725625
449,12.5,0.25,0.25,0.38,0.5,69.7,42.1,58.2,50.2,24.3,41.2,24.0,0.39,0.51204794,0.431201835,35.73169085,6132.997934
450,25.0,0.5,0.25,0.63,0.63,69.7,42.1,58.2,50.2,24.3,41.2,24.0,0.39,0.439101795,0.398255665,31.86729396,5178.270314
451,25.0,0.5,0.38,0.5,0.63,86.0,52.0,71.9,62.0,30.0,50.8,16.0,0.26,0.553663086,0.478760617,39.50571347,6948.2288
452,25.0,0.5,0.38,0.5,0.5,86.0,52.0,71.9,62.0,30.0,50.8,24.0,0.39,0.489635345,0.445497348,35.6026819,5645.146626
453,12.5,0.25,0.25,0.38,0.63,86.0,52.0,71.9,62.0,30.0,50.8,1.0,0.1,0.621749749,0.511298321,43.28624094,8064.73881
454,25.0,0.5,0.25,0.75,0.75,69.7,42.1,58.2,50.2,24.3,41.2,34.0,0.56,0.41545835,0.392836179,31.10253472,4865.399969
455,25.0,0.5,0.25,0.63,0.63,69.7,42.1,58.2,50.2,24.3,41.2,16.0,0.26,0.465538066,0.419747673,33.84707944,5556.374604
456,12.5,0.25,0.25,0.38,0.63,77.4,46.8,64.7,55.8,27.0,45.8,16.0,0.26,0.594206083,0.493257523,41.08127039,7548.34706
457,20.0,18.43,0.0,0.0,0.0,86.0,52.0,71.9,62.0,30.0,50.8,3.77,0.06,0.559628479,0.364936839,27.10639138,6131.30938
458,25.0,0.5,0.25,0.38,0.75,69.7,42.1,58.2,50.2,24.3,41.2,34.0,0.56,0.402838656,0.379342921,29.83315835,4460.914573
459,37.5,0.75,0.25,0.25,0.25,86.0,52.0,71.9,62.0,30.0,50.8,1.0,0.1,0.444254359,0.425457642,33.44938499,4947.605663
460,12.5,0.25,0.25,0.38,0.63,86.0,52.0,71.9,62.0,30.0,50.8,34.0,0.56,0.469925759,0.432722017,34.18362679,5347.513929
461,12.5,0.25,0.38,0.38,0.63,94.6,57.2,79.0,68.2,33.0,55.9,16.0,0.26,0.612390179,0.510402544,43.33471751,7714.323102
462,25.0,0.5,0.38,0.63,0.5,94.6,57.2,79.0,68.2,33.0,55.9,16.0,0.26,0.529162599,0.466670798,38.15150253,6594.044595
463,25.0,0.5,0.25,0.5,0.75,94.6,57.2,79.0,68.2,33.0,55.9,34.0,0.56,0.334593591,0.377566465,28.28286806,3244.329258
464,25.0,0.5,0.25,0.75,0.5,77.4,46.8,64.7,55.8,27.0,45.8,34.0,0.56,0.461575073,0.431142084,34.0390339,5005.329973
465,12.5,0.25,0.38,0.5,0.63,69.7,42.1,58.2,50.2,24.3,41.2,24.0,0.39,0.538703555,0.446450716,37.55181473,6772.933474
466,25.0,0.5,0.25,0.63,0.63,77.4,46.8,64.7,55.8,27.0,45.8,16.0,0.26,0.498218761,0.450786211,36.39193423,6107.382466
467,12.5,0.25,0.38,0.5,0.63,69.7,42.1,58.2,50.2,24.3,41.2,16.0,0.26,0.564794821,0.462760521,39.28816181,7241.370531
468,12.5,0.25,0.25,0.38,0.38,69.7,42.1,58.2,50.2,24.3,41.2,1.0,0.1,0.532426131,0.442535249,36.82816896,6746.454602
469,12.5,0.25,0.25,0.75,0.75,86.0,52.0,71.9,62.0,30.0,50.8,1.0,0.1,0.620391949,0.511834352,43.37204316,8254.05731
470,12.5,0.25,0.38,0.38,0.63,77.4,46.8,64.7,55.8,27.0,45.8,34.0,0.56,0.596551315,0.498475898,41.78212739,7521.714355
471,12.5,0.25,0.25,0.5,0.63,94.6,57.2,79.0,68.2,33.0,55.9,1.0,0.1,0.595712725,0.494895461,41.3159122,7626.617335
472,12.5,0.25,0.25,0.5,0.75,77.4,46.8,64.7,55.8,27.0,45.8,34.0,0.56,0.578556842,0.486632377,40.36001849,7175.068982
473,12.5,0.25,0.25,0.25,0.63,77.4,46.8,64.7,55.8,27.0,45.8,16.0,0.26,0.595948108,0.495006371,41.35738644,7502.24389
474,25.0,0.5,0.25,0.38,0.63,69.7,42.1,58.2,50.2,24.3,41.2,1.0,0.1,0.46082121,0.405976473,32.68039834,5628.882801
475,12.5,0.25,0.25,0.5,0.5,69.7,42.1,58.2,50.2,24.3,41.2,34.0,0.56,0.439423956,0.393781726,31.39456852,4952.9856
476,37.5,0.75,0.25,0.25,0.25,69.7,42.1,58.2,50.2,24.3,41.2,16.0,0.26,0.379906235,0.375616334,29.07835591,4057.555205
477,25.0,0.5,0.25,0.63,0.5,94.6,57.2,79.0,68.2,33.0,55.9,16.0,0.26,0.474009658,0.439040667,34.89580066,5333.973572
478,12.5,0.25,0.38,0.5,0.63,94.6,57.2,79.0,68.2,33.0,55.9,34.0,0.56,0.459356717,0.426678021,33.48611213,4936.105576
479,12.5,0.25,0.25,0.25,0.63,86.0,52.0,71.9,62.0,30.0,50.8,34.0,0.56,0.467569149,0.432109831,34.17462527,5150.942889
480,12.5,0.25,0.25,0.63,0.75,94.6,57.2,79.0,68.2,33.0,55.9,34.0,0.56,0.442869304,0.416802269,32.34445707,4740.015047
481,25.0,0.5,0.38,0.5,0.5,86.0,52.0,71.9,62.0,30.0,50.8,34.0,0.56,0.422547698,0.416785571,32.5057415,4493.644089
482,12.5,0.25,0.25,0.25,0.25,77.4,46.8,64.7,55.8,27.0,45.8,1.0,0.1,0.57967664,0.486201582,40.26540842,7041.380179
483,25.0,0.5,0.38,0.5,0.5,69.7,42.1,58.2,50.2,24.3,41.2,16.0,0.26,0.487117428,0.423053154,34.5252582,5911.49359
484,12.5,0.25,0.25,0.75,0.63,69.7,42.1,58.2,50.2,24.3,41.2,1.0,0.1,0.527742687,0.438514042,36.31114278,6869.777604
485,25.0,0.5,0.25,0.5,0.5,69.7,42.1,58.2,50.2,24.3,41.2,16.0,0.26,0.459358436,0.41015323,33.07391322,5552.723871
486,12.5,0.25,0.25,0.25,0.63,94.6,57.2,79.0,68.2,33.0,55.9,24.0,0.39,0.44371199,0.420093742,32.88840203,4853.807603
487,25.0,0.5,0.25,0.63,0.63,86.0,52.0,71.9,62.0,30.0,50.8,34.0,0.56,0.392583006,0.401719969,30.80685608,4232.762305
488,25.0,0.5,0.25,0.75,0.5,94.6,57.2,79.0,68.2,33.0,55.9,16.0,0.26,0.476911433,0.438586418,34.77712169,5498.438442
489,20.0,0.0,0.058,0.409,0.117,86.0,52.0,71.9,62.0,30.0,50.8,3.77,0.06,0.33592747,0.377011619,28.13589892,3471.192143
490,25.0,0.5,0.38,0.38,0.63,86.0,52.0,71.9,62.0,30.0,50.8,24.0,0.39,0.498058212,0.453507667,36.68258785,5946.158422
491,25.0,0.5,0.25,0.75,0.63,86.0,52.0,71.9,62.0,30.0,50.8,34.0,0.56,0.39936701,0.406618165,31.38338142,4320.874157
492,12.5,0.25,0.38,0.38,0.75,77.4,46.8,64.7,55.8,27.0,45.8,24.0,0.39,0.612222602,0.506852617,42.78112742,7969.025753
493,12.5,0.25,0.38,0.38,0.75,69.7,42.1,58.2,50.2,24.3,41.2,16.0,0.26,0.576589776,0.474776543,40.65549833,7667.83619
494,12.5,0.25,0.38,0.5,0.63,77.4,46.8,64.7,55.8,27.0,45.8,1.0,0.1,0.62818447,0.517544673,44.10669723,8489.691924
495,25.0,0.25,0.25,0.25,0.25,86.0,52.0,71.9,62.0,30.0,50.8,34.0,0.56,0.320417393,0.372179064,27.8743632,2988.05944
496,25.0,0.5,0.25,0.38,0.75,86.0,52.0,71.9,62.0,30.0,50.8,34.0,0.56,0.386657299,0.40030353,30.68558673,4200.973747
497,25.0,0.25,0.25,0.25,0.25,86.0,52.0,71.9,62.0,30.0,50.8,16.0,0.26,0.433014308,0.4228466,33.11609108,4503.161856
498,25.0,0.5,0.25,0.5,0.63,86.0,52.0,71.9,62.0,30.0,50.8,24.0,0.39,0.463187081,0.433693695,34.31778045,5018.45303
499,12.5,0.25,0.25,0.5,0.63,94.6,57.2,79.0,68.2,33.0,55.9,16.0,0.26,0.579179402,0.484349504,40.0282126,7163.9441
500,12.5,0.25,0.38,0.38,0.75,94.6,57.2,79.0,68.2,33.0,55.9,24.0,0.39,0.508991582,0.453940904,36.81673726,6071.228897
501,37.5,0.25,0.25,0.25,0.25,94.6,57.2,79.0,68.2,33.0,55.9,24.0,0.39,0.279535801,0.35441498,26.28235597,2508.375673
502,25.0,0.5,0.25,0.63,0.5,77.4,46.8,64.7,55.8,27.0,45.8,16.0,0.26,0.496019026,0.445284233,35.48354994,6292.429621
503,25.0,0.5,0.38,0.38,0.63,77.4,46.8,64.7,55.8,27.0,45.8,16.0,0.26,0.542170237,0.471161461,38.69800786,6992.823141
504,25.0,0.25,0.25,0.25,0.25,94.6,57.2,79.0,68.2,33.0,55.9,24.0,0.39,0.315500071,0.367762987,27.40175511,3049.260316
505,12.5,0.25,0.38,0.5,0.63,94.6,57.2,79.0,68.2,33.0,55.9,1.0,0.1,0.631790257,0.524273231,45.06919216,8284.85461
506,25.0,0.5,0.25,0.75,0.5,86.0,52.0,71.9,62.0,30.0,50.8,34.0,0.56,0.395387929,0.403476889,31.06245643,4305.511821
507,12.5,0.25,0.25,0.25,0.63,77.4,46.8,64.7,55.8,27.0,45.8,24.0,0.39,0.555568429,0.472670389,38.65527495,6808.263611
508,12.5,0.25,0.38,0.5,0.75,77.4,46.8,64.7,55.8,27.0,45.8,34.0,0.56,0.605130356,0.504877559,42.59849195,7617.395889
509,37.5,0.25,0.25,0.25,0.25,86.0,52.0,71.9,62.0,30.0,50.8,34.0,0.56,0.288159094,0.359458632,26.48732245,2688.028831
510,12.5,0.25,0.25,0.25,0.25,94.6,57.2,79.0,68.2,33.0,55.9,16.0,0.26,0.490965919,0.442193092,35.13495468,5501.878077
511,12.5,0.25,0.38,0.5,0.63,86.0,52.0,71.9,62.0,30.0,50.8,34.0,0.56,0.522435446,0.457945593,37.03329756,5954.513153
512,12.5,0.25,0.25,0.38,0.63,77.4,46.8,64.7,55.8,27.0,45.8,1.0,0.1,0.61854944,0.508131009,42.92385344,8175.456195
513,25.0,0.5,0.38,0.38,0.63,86.0,52.0,71.9,62.0,30.0,50.8,34.0,0.56,0.434546355,0.424380104,33.43397592,4696.443943
514,12.5,0.25,0.25,0.25,0.5,77.4,46.8,64.7,55.8,27.0,45.8,16.0,0.26,0.572611128,0.484771683,40.18721608,7022.189731
515,12.5,0.25,0.38,0.5,0.75,86.0,52.0,71.9,62.0,30.0,50.8,34.0,0.56,0.529070993,0.460627726,37.35683231,6146.831516
516,12.5,0.25,0.25,0.5,0.75,69.7,42.1,58.2,50.2,24.3,41.2,34.0,0.56,0.47960301,0.417365455,33.97877886,5830.488555
517,37.5,0.25,0.25,0.25,0.25,94.6,57.2,79.0,68.2,33.0,55.9,16.0,0.26,0.364880783,0.395636151,30.12462708,3720.711588
518,12.5,0.25,0.38,0.63,0.5,86.0,52.0,71.9,62.0,30.0,50.8,1.0,0.1,0.63346314,0.5251356,45.20294287,8570.913533
519,25.0,0.5,0.25,0.5,0.63,86.0,52.0,71.9,62.0,30.0,50.8,1.0,0.1,0.477940817,0.41827206,33.97729329,6015.224564
520,25.0,0.25,0.25,0.25,0.38,94.6,57.2,79.0,68.2,33.0,55.9,16.0,0.26,0.419015102,0.41553133,32.28899894,4546.786741
521,25.0,0.25,0.25,0.25,0.25,69.7,42.1,58.2,50.2,24.3,41.2,1.0,0.1,0.451910565,0.415971082,33.30696962,5246.521458
522,25.0,0.5,0.38,0.5,0.75,69.7,42.1,58.2,50.2,24.3,41.2,24.0,0.39,0.489723491,0.426371416,34.97653895,5945.89951
523,25.0,0.5,0.25,0.75,0.63,86.0,52.0,71.9,62.0,30.0,50.8,16.0,0.26,0.506346175,0.452100321,36.3623002,6190.665974
524,25.0,0.5,0.38,0.38,0.63,86.0,52.0,71.9,62.0,30.0,50.8,1.0,0.1,0.564904359,0.486003684,40.41794736,6998.378752
525,37.5,0.75,0.25,0.25,0.25,94.6,57.2,79.0,68.2,33.0,55.9,34.0,0.56,0.246568004,0.342825548,25.0423614,2379.905214
526,25.0,0.5,0.38,0.5,0.75,86.0,52.0,71.9,62.0,30.0,50.8,24.0,0.39,0.512307598,0.457772938,37.12143292,6097.442847
527,12.5,0.25,0.25,0.38,0.63,77.4,46.8,64.7,55.8,27.0,45.8,24.0,0.39,0.568062152,0.479607332,39.47432437,6836.600814
528,20.0,0.537,0.117,0.409,0.058,86.0,52.0,71.9,62.0,30.0,50.8,3.77,0.06,0.408178454,0.403204844,30.90686128,4225.961314
529,12.5,0.25,0.25,0.63,0.63,77.4,46.8,64.7,55.8,27.0,45.8,16.0,0.26,0.583378727,0.484791782,40.03764422,7425.751937
530,12.5,0.25,0.25,0.63,0.63,86.0,52.0,71.9,62.0,30.0,50.8,34.0,0.56,0.483249032,0.438630573,34.89995717,5330.369306
531,25.0,0.5,0.38,0.38,0.5,86.0,52.0,71.9,62.0,30.0,50.8,16.0,0.26,0.525063322,0.461903766,37.52274536,6235.452776
532,12.5,0.25,0.38,0.38,0.75,94.6,57.2,79.0,68.2,33.0,55.9,34.0,0.56,0.468305902,0.431946288,34.12272267,5199.792105
533,12.5,0.25,0.25,0.63,0.5,94.6,57.2,79.0,68.2,33.0,55.9,34.0,0.56,0.396762494,0.396927831,30.27510191,4042.842643
534,25.0,0.5,0.38,0.5,0.75,77.4,46.8,64.7,55.8,27.0,45.8,1.0,0.1,0.569329938,0.486931048,40.50451387,7771.010274
535,12.5,0.25,0.25,0.38,0.25,77.4,46.8,64.7,55.8,27.0,45.8,16.0,0.26,0.543968929,0.468039601,38.17159714,6529.982317
536,12.5,0.25,0.38,0.5,0.75,77.4,46.8,64.7,55.8,27.0,45.8,24.0,0.39,0.611397858,0.503663416,42.33632715,7800.501276
537,20.0,6.64,0.065,0.229,0.033,86.0,52.0,71.9,62.0,30.0,50.8,3.77,0.06,0.539255853,0.382996774,28.88711983,5686.121958
538,12.5,0.25,0.25,0.38,0.5,86.0,52.0,71.9,62.0,30.0,50.8,1.0,0.1,0.605677437,0.500647106,41.97181605,7765.256323
539,12.5,0.25,0.25,0.25,0.25,94.6,57.2,79.0,68.2,33.0,55.9,24.0,0.39,0.376009787,0.390310494,29.64786104,3784.119353
540,25.0,0.5,0.25,0.75,0.75,94.6,57.2,79.0,68.2,33.0,55.9,16.0,0.26,0.492809568,0.444139023,35.34533175,5649.03716
541,12.5,0.25,0.25,0.63,0.75,94.6,57.2,79.0,68.2,33.0,55.9,16.0,0.26,0.595065655,0.491901278,40.86547798,7529.175053
542,25.0,0.5,0.25,0.38,0.75,69.7,42.1,58.2,50.2,24.3,41.2,16.0,0.26,0.463039338,0.408171177,32.69048728,5462.133945
543,12.5,0.25,0.38,0.5,0.63,77.4,46.8,64.7,55.8,27.0,45.8,24.0,0.39,0.600435148,0.500524535,42.0271829,7564.774933
544,25.0,0.5,0.25,0.75,0.5,86.0,52.0,71.9,62.0,30.0,50.8,16.0,0.26,0.490242145,0.443889013,35.43484314,5772.910164
545,12.5,0.25,0.38,0.38,0.63,69.7,42.1,58.2,50.2,24.3,41.2,34.0,0.56,0.506987743,0.434349356,35.8744954,6060.283822
546,25.0,0.5,0.25,0.38,0.5,77.4,46.8,64.7,55.8,27.0,45.8,16.0,0.26,0.498261098,0.452630705,36.62496616,6037.686131
547,25.0,0.5,0.25,0.63,0.75,77.4,46.8,64.7,55.8,27.0,45.8,1.0,0.1,0.529779854,0.463982188,37.77937909,6880.775896
548,12.5,0.25,0.38,0.5,0.5,69.7,42.1,58.2,50.2,24.3,41.2,34.0,0.56,0.488485703,0.418219535,34.25153963,6024.945992
549,12.5,0.25,0.38,0.5,0.63,77.4,46.8,64.7,55.8,27.0,45.8,34.0,0.56,0.598281018,0.498478897,41.78031158,7557.46014
550,12.5,0.25,0.25,0.38,0.38,86.0,52.0,71.9,62.0,30.0,50.8,1.0,0.1,0.594364445,0.494164753,41.19101338,7411.174571
551,12.5,0.25,0.38,0.38,0.5,69.7,42.1,58.2,50.2,24.3,41.2,16.0,0.26,0.563746659,0.46618285,39.76356662,7222.004621
552,12.5,0.25,0.38,0.38,0.63,69.7,42.1,58.2,50.2,24.3,41.2,16.0,0.26,0.57467888,0.471713424,40.03902035,7608.621822
553,12.5,0.25,0.25,0.25,0.38,86.0,52.0,71.9,62.0,30.0,50.8,16.0,0.26,0.552129108,0.471650366,38.57716666,6578.235221
554,12.5,0.25,0.38,0.38,0.5,94.6,57.2,79.0,68.2,33.0,55.9,34.0,0.56,0.424394344,0.412450296,31.88184658,4480.07
555,25.0,0.5,0.25,0.5,0.75,77.4,46.8,64.7,55.8,27.0,45.8,24.0,0.39,0.492545864,0.447536765,35.88401108,5503.095831
556,12.5,0.25,0.25,0.38,0.25,69.7,42.1,58.2,50.2,24.3,41.2,34.0,0.56,0.4096968,0.383563534,29.94364365,4340.82151
557,25.0,0.5,0.38,0.5,0.5,77.4,46.8,64.7,55.8,27.0,45.8,16.0,0.26,0.53427161,0.464165541,37.70659201,6608.041629
558,25.0,0.5,0.25,0.75,0.75,69.7,42.1,58.2,50.2,24.3,41.2,16.0,0.26,0.464972316,0.413380913,33.34012862,6013.407593
559,25.0,0.5,0.38,0.38,0.75,69.7,42.1,58.2,50.2,24.3,41.2,1.0,0.1,0.495987728,0.424657113,35.16668937,6449.041569
560,12.5,0.25,0.38,0.5,0.5,77.4,46.8,64.7,55.8,27.0,45.8,1.0,0.1,0.631033926,0.520003767,44.49542302,8538.462001
561,25.0,0.5,0.25,0.5,0.5,77.4,46.8,64.7,55.8,27.0,45.8,24.0,0.39,0.466297848,0.434276914,34.33876109,5299.661325
562,25.0,0.5,0.25,0.38,0.63,94.6,57.2,79.0,68.2,33.0,55.9,1.0,0.1,0.494199141,0.449871489,36.21076317,5773.625809
563,12.5,0.25,0.25,0.25,0.5,86.0,52.0,71.9,62.0,30.0,50.8,1.0,0.1,0.599956822,0.497916665,41.71941614,7660.886044
564,12.5,0.25,0.25,0.63,0.5,86.0,52.0,71.9,62.0,30.0,50.8,1.0,0.1,0.601353783,0.496997462,41.52614508,7732.225218
565,25.0,0.5,0.25,0.38,0.63,86.0,52.0,71.9,62.0,30.0,50.8,24.0,0.39,0.45682495,0.433081146,34.30007912,4966.779453
566,25.0,0.5,0.25,0.38,0.75,77.4,46.8,64.7,55.8,27.0,45.8,24.0,0.39,0.476807761,0.438231396,34.74417997,5429.681612
567,25.0,0.5,0.25,0.38,0.75,94.6,57.2,79.0,68.2,33.0,55.9,24.0,0.39,0.394441163,0.402728888,31.0382623,4178.772056
568,12.5,0.25,0.25,0.5,0.63,77.4,46.8,64.7,55.8,27.0,45.8,16.0,0.26,0.589306067,0.488615886,40.54647951,7560.205645
569,25.0,0.5,0.38,0.5,0.75,94.6,57.2,79.0,68.2,33.0,55.9,24.0,0.39,0.436893878,0.423246366,33.3406292,5009.962222
570,12.5,0.25,0.38,0.5,0.75,69.7,42.1,58.2,50.2,24.3,41.2,1.0,0.1,0.553671368,0.455404808,38.65350945,7457.506063
571,12.5,0.25,0.38,0.5,0.5,86.0,52.0,71.9,62.0,30.0,50.8,34.0,0.56,0.501777434,0.448647248,36.01862394,5735.133035
572,25.0,0.5,0.38,0.5,0.5,94.6,57.2,79.0,68.2,33.0,55.9,24.0,0.39,0.410849197,0.409862936,31.86773783,4489.22384
573,25.0,0.5,0.25,0.5,0.75,86.0,52.0,71.9,62.0,30.0,50.8,34.0,0.56,0.40294843,0.409260571,31.70230081,4387.741853
574,25.0,0.5,0.38,0.5,0.63,69.7,42.1,58.2,50.2,24.3,41.2,1.0,0.1,0.496618271,0.424803532,34.76957798,6467.654764
575,12.5,0.25,0.25,0.25,0.38,77.4,46.8,64.7,55.8,27.0,45.8,1.0,0.1,0.599556267,0.495185183,41.25028935,7570.48492
576,25.0,0.5,0.25,0.38,0.63,86.0,52.0,71.9,62.0,30.0,50.8,1.0,0.1,0.533820778,0.467852649,38.17659701,6731.618436
577,12.5,0.25,0.25,0.75,0.63,77.4,46.8,64.7,55.8,27.0,45.8,34.0,0.56,0.565976484,0.478162473,39.33777176,6852.979712
578,12.5,0.25,0.25,0.38,0.75,77.4,46.8,64.7,55.8,27.0,45.8,16.0,0.26,0.606599706,0.500292047,41.93725753,7907.240674
579,25.0,0.25,0.25,0.25,0.25,77.4,46.8,64.7,55.8,27.0,45.8,1.0,0.1,0.502621602,0.454522205,36.61704886,5831.7066
580,12.5,0.25,0.38,0.38,0.5,86.0,52.0,71.9,62.0,30.0,50.8,16.0,0.26,0.621376432,0.513721618,43.63998621,8134.726547
581,12.5,0.25,0.38,0.5,0.75,94.6,57.2,79.0,68.2,33.0,55.9,1.0,0.1,0.640742728,0.527735445,45.40338621,8562.370774
