id,cluster
img_0000,0
img_0001,1
img_0002,2
img_0003,3
img_0004,4
img_0005,5
img_0006,6
img_0007,7
img_0008,8
img_0009,9
img_0010,0
img_0011,1
img_0012,2
img_0013,3
img_0014,4
img_0015,5
img_0016,6
img_0017,7
img_0018,8
img_0019,9
img_0020,0
img_0021,1
img_0022,2
img_0023,3
img_0024,4
img_0025,5
img_0026,6
img_0027,7
img_0028,8
img_0029,9
img_0030,0
img_0031,1
img_0032,2
img_0033,3
img_0034,4
img_0035,5
img_0036,6
img_0037,7
img_0038,8
img_0039,9
img_0040,0
img_0041,1
img_0042,2
img_0043,3
img_0044,4
img_0045,5
img_0046,6
img_0047,7
img_0048,8
img_0049,9
img_0050,0
img_0051,1
img_0052,2
img_0053,3
img_0054,4
img_0055,5
img_0056,6
img_0057,7
img_0058,8
img_0059,9
img_0060,0
img_0061,1
img_0062,2
img_0063,3
img_0064,4
img_0065,5
img_0066,6
img_0067,7
img_0068,8
img_0069,9
img_0070,0
img_0071,1
img_0072,2
img_0073,3
img_0074,4
img_0075,5
img_0076,6
img_0077,7
img_0078,8
img_0079,9
img_0080,0
img_0081,1
img_0082,2
img_0083,3
img_0084,4
img_0085,5
img_0086,6
img_0087,7
img_0088,8
img_0089,9
img_0090,0
img_0091,1
img_0092,2
img_0093,3
img_0094,4
img_0095,5
img_0096,6
img_0097,7
img_0098,8
img_0099,9
img_0100,0
img_0101,1
img_0102,2
img_0103,3
img_0104,4
img_0105,5
img_0106,6
img_0107,7
img_0108,8
img_0109,9
img_0110,0
img_0111,1
img_0112,2
img_0113,3
img_0114,4
img_0115,5
img_0116,6
img_0117,7
img_0118,8
img_0119,9
img_0120,0
img_0121,1
img_0122,2
img_0123,3
img_0124,4
img_0125,5
img_0126,6
img_0127,7
img_0128,8
img_0129,9
img_0130,0
img_0131,1
img_0132,2
img_0133,3
img_0134,4
img_0135,5
img_0136,6
img_0137,7
img_0138,8
img_0139,9
img_0140,0
img_0141,1
img_0142,2
img_0143,3
img_0144,4
img_0145,5
img_0146,6
img_0147,7
img_0148,8
img_0149,9
img_0150,0
img_0151,1
img_0152,2
img_0153,3
img_0154,4
img_0155,5
img_0156,6
img_0157,7
img_0158,8
img_0159,9
img_0160,0
img_0161,1
img_0162,2
img_0163,3
img_0164,4
img_0165,5
img_0166,6
img_0167,7
img_0168,8
img_0169,9
img_0170,0
img_0171,1
img_0172,2
img_0173,3
img_0174,4
img_0175,5
img_0176,6
img_0177,7
img_0178,8
img_0179,9
img_0180,0
img_0181,1
img_0182,2
img_0183,3
img_0184,4
img_0185,5
img_0186,6
img_0187,7
img_0188,8
img_0189,9
img_0190,0
img_0191,1
img_0192,2
img_0193,3
img_0194,4
img_0195,5
img_0196,6
img_0197,7
img_0198,8
img_0199,9
img_0200,0
img_0201,1
img_0202,2
img_0203,3
img_0204,4
img_0205,5
img_0206,6
img_0207,7
img_0208,8
img_0209,9
img_0210,0
img_0211,1
img_0212,2
img_0213,3
img_0214,4
img_0215,5
img_0216,6
img_0217,7
img_0218,8
img_0219,9
img_0220,0
img_0221,1
img_0222,2
img_0223,3
img_0224,4
img_0225,5
img_0226,6
img_0227,7
img_0228,8
img_0229,9
img_0230,0
img_0231,1
img_0232,2
img_0233,3
img_0234,4
img_0235,5
img_0236,6
img_0237,7
img_0238,8
img_0239,9
img_0240,0
img_0241,1
img_0242,2
img_0243,3
img_0244,4
img_0245,5
img_0246,6
img_0247,7
img_0248,8
img_0249,9
img_0250,0
img_0251,1
img_0252,2
img_0253,3
img_0254,4
img_0255,5
img_0256,6
img_0257,7
img_0258,8
img_0259,9
img_0260,0
img_0261,1
img_0262,2
img_0263,3
img_0264,4
img_0265,5
img_0266,6
img_0267,7
img_0268,8
img_0269,9
img_0270,0
img_0271,1
img_0272,2
img_0273,3
img_0274,4
img_0275,5
img_0276,6
img_0277,7
img_0278,8
img_0279,9
img_0280,0
img_0281,1
img_0282,2
img_0283,3
img_0284,4
img_0285,5
img_0286,6
img_0287,7
img_0288,8
img_0289,9
img_0290,0
img_0291,1
img_0292,2
img_0293,3
img_0294,4
img_0295,5
img_0296,6
img_0297,7
img_0298,8
img_0299,9
img_0300,0
img_0301,1
img_0302,2
img_0303,3
img_0304,4
img_0305,5
img_0306,6
img_0307,7
img_0308,8
img_0309,9
img_0310,0
img_0311,1
img_0312,2
img_0313,3
img_0314,4
img_0315,5
img_0316,6
img_0317,7
img_0318,8
img_0319,9
img_0320,0
img_0321,1
img_0322,2
img_0323,3
img_0324,4
img_0325,5
img_0326,6
img_0327,7
img_0328,8
img_0329,9
img_0330,0
img_0331,1
img_0332,2
img_0333,3
img_0334,4
img_0335,5
img_0336,6
img_0337,7
img_0338,8
img_0339,9
img_0340,0
img_0341,1
img_0342,2
img_0343,3
img_0344,4
img_0345,5
img_0346,6
img_0347,7
img_0348,8
img_0349,9
img_0350,0
img_0351,1
img_0352,2
img_0353,3
img_0354,4
img_0355,5
img_0356,6
img_0357,7
img_0358,8
img_0359,9
img_0360,0
img_0361,1
img_0362,2
img_0363,3
img_0364,4
img_0365,5
img_0366,6
img_0367,7
img_0368,8
img_0369,9
img_0370,0
img_0371,1
img_0372,2
img_0373,3
img_0374,4
img_0375,5
img_0376,6
img_0377,7
img_0378,8
img_0379,9
img_0380,0
img_0381,1
img_0382,2
img_0383,3
img_0384,4
img_0385,5
img_0386,6
img_0387,7
img_0388,8
img_0389,9
img_0390,0
img_0391,1
img_0392,2
img_0393,3
img_0394,4
img_0395,5
img_0396,6
img_0397,7
img_0398,8
img_0399,9
img_0400,0
img_0401,1
img_0402,2
img_0403,3
img_0404,4
img_0405,5
img_0406,6
img_0407,7
img_0408,8
img_0409,9
img_0410,0
img_0411,1
img_0412,2
img_0413,3
img_0414,4
img_0415,5
img_0416,6
img_0417,7
img_0418,8
img_0419,9
img_0420,0
img_0421,1
img_0422,2
img_0423,3
img_0424,4
img_0425,5
img_0426,6
img_0427,7
img_0428,8
img_0429,9
img_0430,0
img_0431,1
img_0432,2
img_0433,3
img_0434,4
img_0435,5
img_0436,6
img_0437,7
img_0438,8
img_0439,9
img_0440,0
img_0441,1
img_0442,2
img_0443,3
img_0444,4
img_0445,5
img_0446,6
img_0447,7
img_0448,8
img_0449,9
img_0450,0
img_0451,1
img_0452,2
img_0453,3
img_0454,4
img_0455,5
img_0456,6
img_0457,7
img_0458,8
img_0459,9
img_0460,0
img_0461,1
img_0462,2
img_0463,3
img_0464,4
img_0465,5
img_0466,6
img_0467,7
img_0468,8
img_0469,9
img_0470,0
img_0471,1
img_0472,2
img_0473,3
img_0474,4
img_0475,5
img_0476,6
img_0477,7
img_0478,8
img_0479,9
img_0480,0
img_0481,1
img_0482,2
img_0483,3
img_0484,4
img_0485,5
img_0486,6
img_0487,7
img_0488,8
img_0489,9
img_0490,0
img_0491,1
img_0492,2
img_0493,3
img_0494,4
img_0495,5
img_0496,6
img_0497,7
img_0498,8
img_0499,9
img_0500,0
img_0501,1
img_0502,2
img_0503,3
img_0504,4
img_0505,5
img_0506,6
img_0507,7
img_0508,8
img_0509,9
img_0510,0
img_0511,1
img_0512,2
img_0513,3
img_0514,4
img_0515,5
img_0516,6
img_0517,7
img_0518,8
img_0519,9
img_0520,0
img_0521,1
img_0522,2
img_0523,3
img_0524,4
img_0525,5
img_0526,6
img_0527,7
img_0528,8
img_0529,9
img_0530,0
img_0531,1
img_0532,2
img_0533,3
img_0534,4
img_0535,5
img_0536,6
img_0537,7
img_0538,8
img_0539,9
img_0540,0
img_0541,1
img_0542,2
img_0543,3
img_0544,4
img_0545,5
img_0546,6
img_0547,7
img_0548,8
img_0549,9
img_0550,0
img_0551,1
img_0552,2
img_0553,3
img_0554,4
img_0555,5
img_0556,6
img_0557,7
img_0558,8
img_0559,9
img_0560,0
img_0561,1
img_0562,2
img_0563,3
img_0564,4
img_0565,5
img_0566,6
img_0567,7
img_0568,8
img_0569,9
img_0570,0
img_0571,1
img_0572,2
img_0573,3
img_0574,4
img_0575,5
img_0576,6
img_0577,7
img_0578,8
img_0579,9
img_0580,0
img_0581,1
img_0582,2
img_0583,3
img_0584,4
img_0585,5
img_0586,6
img_0587,7
img_0588,8
img_0589,9
img_0590,0
img_0591,1
img_0592,2
img_0593,3
img_0594,4
img_0595,5
img_0596,6
img_0597,7
img_0598,8
img_0599,9
img_0600,0
img_0601,1
img_0602,2
img_0603,3
img_0604,4
img_0605,5
img_0606,6
img_0607,7
img_0608,8
img_0609,9
img_0610,0
img_0611,1
img_0612,2
img_0613,3
img_0614,4
img_0615,5
img_0616,6
img_0617,7
img_0618,8
img_0619,9
img_0620,0
img_0621,1
img_0622,2
img_0623,3
img_0624,4
img_0625,5
img_0626,6
img_0627,7
img_0628,8
img_0629,9
img_0630,0
img_0631,1
img_0632,2
img_0633,3
img_0634,4
img_0635,5
img_0636,6
img_0637,7
img_0638,8
img_0639,9
img_0640,0
img_0641,1
img_0642,2
img_0643,3
img_0644,4
img_0645,5
img_0646,6
img_0647,7
img_0648,8
img_0649,9
img_0650,0
img_0651,1
img_0652,2
img_0653,3
img_0654,4
img_0655,5
img_0656,6
img_0657,7
img_0658,8
img_0659,9
img_0660,0
img_0661,1
img_0662,2
img_0663,3
img_0664,4
img_0665,5
img_0666,6
img_0667,7
img_0668,8
img_0669,9
img_0670,0
img_0671,1
img_0672,2
img_0673,3
img_0674,4
img_0675,5
img_0676,6
img_0677,7
img_0678,8
img_0679,9
img_0680,0
img_0681,1
img_0682,2
img_0683,3
img_0684,4
img_0685,5
img_0686,6
img_0687,7
img_0688,8
img_0689,9
img_0690,0
img_0691,1
img_0692,2
img_0693,3
img_0694,4
img_0695,5
img_0696,6
img_0697,7
img_0698,8
img_0699,9
img_0700,0
img_0701,1
img_0702,2
img_0703,3
img_0704,4
img_0705,5
img_0706,6
img_0707,7
img_0708,8
img_0709,9
img_0710,0
img_0711,1
img_0712,2
img_0713,3
img_0714,4
img_0715,5
img_0716,6
img_0717,7
img_0718,8
img_0719,9
img_0720,0
img_0721,1
img_0722,2
img_0723,3
img_0724,4
img_0725,5
img_0726,6
img_0727,7
img_0728,8
img_0729,9
img_0730,0
img_0731,1
img_0732,2
img_0733,3
img_0734,4
img_0735,5
img_0736,6
img_0737,7
img_0738,8
img_0739,9
img_0740,0
img_0741,1
img_0742,2
img_0743,3
img_0744,4
img_0745,5
img_0746,6
img_0747,7
img_0748,8
img_0749,9
img_0750,0
img_0751,1
img_0752,2
img_0753,3
img_0754,4
img_0755,5
img_0756,6
img_0757,7
img_0758,8
img_0759,9
img_0760,0
img_0761,1
img_0762,2
img_0763,3
img_0764,4
img_0765,5
img_0766,6
img_0767,7
img_0768,8
img_0769,9
img_0770,0
img_0771,1
img_0772,2
img_0773,3
img_0774,4
img_0775,5
img_0776,6
img_0777,7
img_0778,8
img_0779,9
img_0780,0
img_0781,1
img_0782,2
img_0783,3
img_0784,4
img_0785,5
img_0786,6
img_0787,7
img_0788,8
img_0789,9
img_0790,0
img_0791,1
img_0792,2
img_0793,3
img_0794,4
img_0795,5
img_0796,6
img_0797,7
img_0798,8
img_0799,9
img_0800,0
img_0801,1
img_0802,2
img_0803,3
img_0804,4
img_0805,5
img_0806,6
img_0807,7
img_0808,8
img_0809,9
img_0810,0
img_0811,1
img_0812,2
img_0813,3
img_0814,4
img_0815,5
img_0816,6
img_0817,7
img_0818,8
img_0819,9
img_0820,0
img_0821,1
img_0822,2
img_0823,3
img_0824,4
img_0825,5
img_0826,6
img_0827,7
img_0828,8
img_0829,9
img_0830,0
img_0831,1
img_0832,2
img_0833,3
img_0834,4
img_0835,5
img_0836,6
img_0837,7
img_0838,8
img_0839,9
img_0840,0
img_0841,1
img_0842,2
img_0843,3
img_0844,4
img_0845,5
img_0846,6
img_0847,7
img_0848,8
img_0849,9
img_0850,0
img_0851,1
img_0852,2
img_0853,3
img_0854,4
img_0855,5
img_0856,6
img_0857,7
img_0858,8
img_0859,9
img_0860,0
img_0861,1
img_0862,2
img_0863,3
img_0864,4
img_0865,5
img_0866,6
img_0867,7
img_0868,8
img_0869,9
img_0870,0
img_0871,1
img_0872,2
img_0873,3
img_0874,4
img_0875,5
img_0876,6
img_0877,7
img_0878,8
img_0879,9
img_0880,0
img_0881,1
img_0882,2
img_0883,3
img_0884,4
img_0885,5
img_0886,6
img_0887,7
img_0888,8
img_0889,9
img_0890,0
img_0891,1
img_0892,2
img_0893,3
img_0894,4
img_0895,5
img_0896,6
img_0897,7
img_0898,8
img_0899,9
img_0900,0
img_0901,1
img_0902,2
img_0903,3
img_0904,4
img_0905,5
img_0906,6
img_0907,7
img_0908,8
img_0909,9
img_0910,0
img_0911,1
img_0912,2
img_0913,3
img_0914,4
img_0915,5
img_0916,6
img_0917,7
img_0918,8
img_0919,9
img_0920,0
img_0921,1
img_0922,2
img_0923,3
img_0924,4
img_0925,5
img_0926,6
img_0927,7
img_0928,8
img_0929,9
img_0930,0
img_0931,1
img_0932,2
img_0933,3
img_0934,4
img_0935,5
img_0936,6
img_0937,7
img_0938,8
img_0939,9
img_0940,0
img_0941,1
img_0942,2
img_0943,3
img_0944,4
img_0945,5
img_0946,6
img_0947,7
img_0948,8
img_0949,9
img_0950,0
img_0951,1
img_0952,2
img_0953,3
img_0954,4
img_0955,5
img_0956,6
img_0957,7
img_0958,8
img_0959,9
img_0960,0
img_0961,1
img_0962,2
img_0963,3
img_0964,4
img_0965,5
img_0966,6
img_0967,7
img_0968,8
img_0969,9
img_0970,0
img_0971,1
img_0972,2
img_0973,3
img_0974,4
img_0975,5
img_0976,6
img_0977,7
img_0978,8
img_0979,9
img_0980,0
img_0981,1
img_0982,2
img_0983,3
img_0984,4
img_0985,5
img_0986,6
img_0987,7
img_0988,8
img_0989,9
img_0990,0
img_0991,1
img_0992,2
img_0993,3
img_0994,4
img_0995,5
img_0996,6
img_0997,7
img_0998,8
img_0999,9
img_1000,0
img_1001,1
img_1002,2
img_1003,3
img_1004,4
img_1005,5
img_1006,6
img_1007,7
img_1008,8
img_1009,9
img_1010,0
img_1011,1
img_1012,2
img_1013,3
img_1014,4
img_1015,5
img_1016,6
img_1017,7
img_1018,8
img_1019,9
img_1020,0
img_1021,1
img_1022,2
img_1023,3
img_1024,4
img_1025,5
img_1026,6
img_1027,7
img_1028,8
img_1029,9
img_1030,0
img_1031,1
img_1032,2
img_1033,3
img_1034,4
img_1035,5
img_1036,6
img_1037,7
img_1038,8
img_1039,9
img_1040,0
img_1041,1
img_1042,2
img_1043,3
img_1044,4
img_1045,5
img_1046,6
img_1047,7
img_1048,8
img_1049,9
img_1050,0
img_1051,1
img_1052,2
img_1053,3
img_1054,4
img_1055,5
img_1056,6
img_1057,7
img_1058,8
img_1059,9
img_1060,0
img_1061,1
img_1062,2
img_1063,3
img_1064,4
img_1065,5
img_1066,6
img_1067,7
img_1068,8
img_1069,9
img_1070,0
img_1071,1
img_1072,2
img_1073,3
img_1074,4
img_1075,5
img_1076,6
img_1077,7
img_1078,8
img_1079,9
img_1080,0
img_1081,1
img_1082,2
img_1083,3
img_1084,4
img_1085,5
img_1086,6
img_1087,7
img_1088,8
img_1089,9
img_1090,0
img_1091,1
img_1092,2
img_1093,3
img_1094,4
img_1095,5
img_1096,6
img_1097,7
img_1098,8
img_1099,9
img_1100,0
img_1101,1
img_1102,2
img_1103,3
img_1104,4
img_1105,5
img_1106,6
img_1107,7
img_1108,8
img_1109,9
img_1110,0
img_1111,1
img_1112,2
img_1113,3
img_1114,4
img_1115,5
img_1116,6
img_1117,7
img_1118,8
img_1119,9
img_1120,0
img_1121,1
img_1122,2
img_1123,3
img_1124,4
img_1125,5
img_1126,6
img_1127,7
img_1128,8
img_1129,9
img_1130,0
img_1131,1
img_1132,2
img_1133,3
img_1134,4
img_1135,5
img_1136,6
img_1137,7
img_1138,8
img_1139,9
img_1140,0
img_1141,1
img_1142,2
img_1143,3
img_1144,4
img_1145,5
img_1146,6
img_1147,7
img_1148,8
img_1149,9
img_1150,0
img_1151,1
img_1152,2
img_1153,3
img_1154,4
img_1155,5
img_1156,6
img_1157,7
img_1158,8
img_1159,9
img_1160,0
img_1161,1
img_1162,2
img_1163,3
img_1164,4
img_1165,5
img_1166,6
img_1167,7
img_1168,8
img_1169,9
img_1170,0
img_1171,1
img_1172,2
img_1173,3
img_1174,4
img_1175,5
img_1176,6
img_1177,7
img_1178,8
img_1179,9
img_1180,0
img_1181,1
img_1182,2
img_1183,3
img_1184,4
img_1185,5
img_1186,6
img_1187,7
img_1188,8
img_1189,9
img_1190,0
img_1191,1
img_1192,2
img_1193,3
img_1194,4
img_1195,5
img_1196,6
img_1197,7
img_1198,8
img_1199,9
img_1200,0
img_1201,1
img_1202,2
img_1203,3
img_1204,4
img_1205,5
img_1206,6
img_1207,7
img_1208,8
img_1209,9
img_1210,0
img_1211,1
img_1212,2
img_1213,3
img_1214,4
img_1215,5
img_1216,6
img_1217,7
img_1218,8
img_1219,9
img_1220,0
img_1221,1
img_1222,2
img_1223,3
img_1224,4
img_1225,5
img_1226,6
img_1227,7
img_1228,8
img_1229,9
img_1230,0
img_1231,1
img_1232,2
img_1233,3
img_1234,4
img_1235,5
img_1236,6
img_1237,7
img_1238,8
img_1239,9
img_1240,0
img_1241,1
img_1242,2
img_1243,3
img_1244,4
img_1245,5
img_1246,6
img_1247,7
img_1248,8
img_1249,9
img_1250,0
img_1251,1
img_1252,2
img_1253,3
img_1254,4
img_1255,5
img_1256,6
img_1257,7
img_1258,8
img_1259,9
img_1260,0
img_1261,1
img_1262,2
img_1263,3
img_1264,4
img_1265,5
img_1266,6
img_1267,7
img_1268,8
img_1269,9
img_1270,0
img_1271,1
img_1272,2
img_1273,3
img_1274,4
img_1275,5
img_1276,6
img_1277,7
img_1278,8
img_1279,9
img_1280,0
img_1281,1
img_1282,2
img_1283,3
img_1284,4
img_1285,5
img_1286,6
img_1287,7
img_1288,8
img_1289,9
img_1290,0
img_1291,1
img_1292,2
img_1293,3
img_1294,4
img_1295,5
img_1296,6
img_1297,7
img_1298,8
img_1299,9
img_1300,0
img_1301,1
img_1302,2
img_1303,3
img_1304,4
img_1305,5
img_1306,6
img_1307,7
img_1308,8
img_1309,9
img_1310,0
img_1311,1
img_1312,2
img_1313,3
img_1314,4
img_1315,5
img_1316,6
img_1317,7
img_1318,8
img_1319,9
img_1320,0
img_1321,1
img_1322,2
img_1323,3
img_1324,4
img_1325,5
img_1326,6
img_1327,7
img_1328,8
img_1329,9
img_1330,0
img_1331,1
img_1332,2
img_1333,3
img_1334,4
img_1335,5
img_1336,6
img_1337,7
img_1338,8
img_1339,9
img_1340,0
img_1341,1
img_1342,2
img_1343,3
img_1344,4
img_1345,5
img_1346,6
img_1347,7
img_1348,8
img_1349,9
img_1350,0
img_1351,1
img_1352,2
img_1353,3
img_1354,4
img_1355,5
img_1356,6
img_1357,7
img_1358,8
img_1359,9
img_1360,0
img_1361,1
img_1362,2
img_1363,3
img_1364,4
img_1365,5
img_1366,6
img_1367,7
img_1368,8
img_1369,9
img_1370,0
img_1371,1
img_1372,2
img_1373,3
img_1374,4
img_1375,5
img_1376,6
img_1377,7
img_1378,8
img_1379,9
img_1380,0
img_1381,1
img_1382,2
img_1383,3
img_1384,4
img_1385,5
img_1386,6
img_1387,7
img_1388,8
img_1389,9
img_1390,0
img_1391,1
img_1392,2
img_1393,3
img_1394,4
img_1395,5
img_1396,6
img_1397,7
img_1398,8
img_1399,9
img_1400,0
img_1401,1
img_1402,2
img_1403,3
img_1404,4
img_1405,5
img_1406,6
img_1407,7
img_1408,8
img_1409,9
img_1410,0
img_1411,1
img_1412,2
img_1413,3
img_1414,4
img_1415,5
img_1416,6
img_1417,7
img_1418,8
img_1419,9
img_1420,0
img_1421,1
img_1422,2
img_1423,3
img_1424,4
img_1425,5
img_1426,6
img_1427,7
img_1428,8
img_1429,9
img_1430,0
img_1431,1
img_1432,2
img_1433,3
img_1434,4
img_1435,5
img_1436,6
img_1437,7
img_1438,8
img_1439,9
img_1440,0
img_1441,1
img_1442,2
img_1443,3
img_1444,4
img_1445,5
img_1446,6
img_1447,7
img_1448,8
img_1449,9
img_1450,0
img_1451,1
img_1452,2
img_1453,3
img_1454,4
img_1455,5
img_1456,6
img_1457,7
img_1458,8
img_1459,9
img_1460,0
img_1461,1
img_1462,2
img_1463,3
img_1464,4
img_1465,5
img_1466,6
img_1467,7
img_1468,8
img_1469,9
img_1470,0
img_1471,1
img_1472,2
img_1473,3
img_1474,4
img_1475,5
img_1476,6
img_1477,7
img_1478,8
img_1479,9
img_1480,0
img_1481,1
img_1482,2
img_1483,3
img_1484,4
img_1485,5
img_1486,6
img_1487,7
img_1488,8
img_1489,9
img_1490,0
img_1491,1
img_1492,2
img_1493,3
img_1494,4
img_1495,5
img_1496,6
img_1497,7
img_1498,8
img_1499,9
img_1500,0
img_1501,1
img_1502,2
img_1503,3
img_1504,4
img_1505,5
img_1506,6
img_1507,7
img_1508,8
img_1509,9
img_1510,0
img_1511,1
img_1512,2
img_1513,3
img_1514,4
img_1515,5
img_1516,6
img_1517,7
img_1518,8
img_1519,9
img_1520,0
img_1521,1
img_1522,2
img_1523,3
img_1524,4
img_1525,5
img_1526,6
img_1527,7
img_1528,8
img_1529,9
img_1530,0
img_1531,1
img_1532,2
img_1533,3
img_1534,4
img_1535,5
img_1536,6
img_1537,7
img_1538,8
img_1539,9
img_1540,0
img_1541,1
img_1542,2
img_1543,3
img_1544,4
img_1545,5
img_1546,6
img_1547,7
img_1548,8
img_1549,9
img_1550,0
img_1551,1
img_1552,2
img_1553,3
img_1554,4
img_1555,5
img_1556,6
img_1557,7
img_1558,8
img_1559,9
img_1560,0
img_1561,1
img_1562,2
img_1563,3
img_1564,4
img_1565,5
img_1566,6
img_1567,7
img_1568,8
img_1569,9
img_1570,0
img_1571,1
img_1572,2
img_1573,3
img_1574,4
img_1575,5
img_1576,6
img_1577,7
img_1578,8
img_1579,9
img_1580,0
img_1581,1
img_1582,2
img_1583,3
img_1584,4
img_1585,5
img_1586,6
img_1587,7
img_1588,8
img_1589,9
img_1590,0
img_1591,1
img_1592,2
img_1593,3
img_1594,4
img_1595,5
img_1596,6
img_1597,7
img_1598,8
img_1599,9
img_1600,0
img_1601,1
img_1602,2
img_1603,3
img_1604,4
img_1605,5
img_1606,6
img_1607,7
img_1608,8
img_1609,9
img_1610,0
img_1611,1
img_1612,2
img_1613,3
img_1614,4
img_1615,5
img_1616,6
img_1617,7
img_1618,8
img_1619,9
img_1620,0
img_1621,1
img_1622,2
img_1623,3
img_1624,4
img_1625,5
img_1626,6
img_1627,7
img_1628,8
img_1629,9
img_1630,0
img_1631,1
img_1632,2
img_1633,3
img_1634,4
img_1635,5
img_1636,6
img_1637,7
img_1638,8
img_1639,9
img_1640,0
img_1641,1
img_1642,2
img_1643,3
img_1644,4
img_1645,5
img_1646,6
img_1647,7
img_1648,8
img_1649,9
img_1650,0
img_1651,1
img_1652,2
img_1653,3
img_1654,4
img_1655,5
img_1656,6
img_1657,7
img_1658,8
img_1659,9
img_1660,0
img_1661,1
img_1662,2
img_1663,3
img_1664,4
img_1665,5
img_1666,6
img_1667,7
img_1668,8
img_1669,9
img_1670,0
img_1671,1
img_1672,2
img_1673,3
img_1674,4
img_1675,5
img_1676,6
img_1677,7
img_1678,8
img_1679,9
img_1680,0
img_1681,1
img_1682,2
img_1683,3
img_1684,4
img_1685,5
img_1686,6
img_1687,7
img_1688,8
img_1689,9
img_1690,0
img_1691,1
img_1692,2
img_1693,3
img_1694,4
img_1695,5
img_1696,6
img_1697,7
img_1698,8
img_1699,9
img_1700,0
img_1701,1
img_1702,2
img_1703,3
img_1704,4
img_1705,5
img_1706,6
img_1707,7
img_1708,8
img_1709,9
img_1710,0
img_1711,1
img_1712,2
img_1713,3
img_1714,4
img_1715,5
img_1716,6
img_1717,7
img_1718,8
img_1719,9
img_1720,0
img_1721,1
img_1722,2
img_1723,3
img_1724,4
img_1725,5
img_1726,6
img_1727,7
img_1728,8
img_1729,9
img_1730,0
img_1731,1
img_1732,2
img_1733,3
img_1734,4
img_1735,5
img_1736,6
img_1737,7
img_1738,8
img_1739,9
img_1740,0
img_1741,1
img_1742,2
img_1743,3
img_1744,4
img_1745,5
img_1746,6
img_1747,7
img_1748,8
img_1749,9
img_1750,0
img_1751,1
img_1752,2
img_1753,3
img_1754,4
img_1755,5
img_1756,6
img_1757,7
img_1758,8
img_1759,9
img_1760,0
img_1761,1
img_1762,2
img_1763,3
img_1764,4
img_1765,5
img_1766,6
img_1767,7
img_1768,8
img_1769,9
img_1770,0
img_1771,1
img_1772,2
img_1773,3
img_1774,4
img_1775,5
img_1776,6
img_1777,7
img_1778,8
img_1779,9
img_1780,0
img_1781,1
img_1782,2
img_1783,3
img_1784,4
img_1785,5
img_1786,6
img_1787,7
img_1788,8
img_1789,9
img_1790,0
img_1791,1
img_1792,2
img_1793,3
img_1794,4
img_1795,5
img_1796,6
